image_path,emotion
0.jpg,sad
1.jpg,neutral
2.jpg,sad
3.jpg,disgust
4.jpg,neutral
5.jpg,sad
6.jpg,happy
7.jpg,neutral
8.jpg,happy
9.jpg,happy
10.jpg,neutral
11.jpg,contempt
12.jpg,happy
13.jpg,happy
14.jpg,neutral
15.jpg,anger
16.jpg,neutral
17.jpg,anger
18.jpg,fear
19.jpg,sad
20.jpg,contempt
21.jpg,neutral
22.jpg,anger
23.jpg,anger
24.jpg,happy
25.jpg,neutral
26.jpg,uncertain
27.jpg,neutral
28.jpg,uncertain
29.jpg,anger
30.jpg,happy
31.jpg,uncertain
32.jpg,neutral
33.jpg,surprise
34.jpg,neutral
35.jpg,uncertain
36.jpg,happy
37.jpg,happy
38.jpg,uncertain
39.jpg,happy
40.jpg,neutral
41.jpg,neutral
42.jpg,neutral
43.jpg,anger
44.jpg,happy
45.jpg,uncertain
46.jpg,sad
47.jpg,neutral
48.jpg,happy
49.jpg,happy
50.jpg,sad
51.jpg,neutral
52.jpg,contempt
53.jpg,neutral
54.jpg,happy
55.jpg,contempt
56.jpg,disgust
57.jpg,anger
58.jpg,happy
59.jpg,contempt
60.jpg,happy
61.jpg,neutral
62.jpg,happy
63.jpg,neutral
64.jpg,happy
65.jpg,happy
66.jpg,neutral
67.jpg,happy
68.jpg,neutral
69.jpg,uncertain
70.jpg,happy
71.jpg,neutral
72.jpg,disgust
73.jpg,sad
74.jpg,contempt
75.jpg,happy
76.jpg,neutral
77.jpg,neutral
78.jpg,neutral
79.jpg,anger
80.jpg,happy
81.jpg,sad
82.jpg,happy
83.jpg,uncertain
84.jpg,contempt
85.jpg,fear
86.jpg,happy
87.jpg,surprise
88.jpg,sad
89.jpg,uncertain
90.jpg,neutral
91.jpg,anger
92.jpg,neutral
93.jpg,happy
94.jpg,neutral
95.jpg,neutral
96.jpg,neutral
97.jpg,anger
98.jpg,neutral
99.jpg,happy
100.jpg,uncertain
101.jpg,happy
102.jpg,happy
103.jpg,neutral
104.jpg,disgust
105.jpg,sad
106.jpg,happy
107.jpg,sad
108.jpg,uncertain
109.jpg,happy
110.jpg,fear
111.jpg,happy
112.jpg,surprise
113.jpg,neutral
114.jpg,happy
115.jpg,neutral
116.jpg,neutral
117.jpg,happy
118.jpg,anger
119.jpg,happy
120.jpg,happy
121.jpg,happy
122.jpg,sad
123.jpg,neutral
124.jpg,happy
125.jpg,sad
126.jpg,happy
127.jpg,neutral
128.jpg,sad
129.jpg,uncertain
130.jpg,neutral
131.jpg,sad
132.jpg,happy
133.jpg,neutral
134.jpg,surprise
135.jpg,neutral
136.jpg,happy
137.jpg,uncertain
138.jpg,surprise
139.jpg,neutral
140.jpg,sad
141.jpg,sad
142.jpg,uncertain
143.jpg,happy
144.jpg,anger
145.jpg,sad
146.jpg,neutral
147.jpg,neutral
148.jpg,anger
149.jpg,uncertain
150.jpg,happy
151.jpg,sad
152.jpg,uncertain
153.jpg,happy
154.jpg,happy
155.jpg,anger
156.jpg,neutral
157.jpg,neutral
158.jpg,neutral
159.jpg,neutral
160.jpg,happy
161.jpg,uncertain
162.jpg,happy
163.jpg,disgust
164.jpg,anger
165.jpg,happy
166.jpg,happy
167.jpg,fear
168.jpg,neutral
169.jpg,happy
170.jpg,neutral
171.jpg,neutral
172.jpg,uncertain
173.jpg,disgust
174.jpg,neutral
175.jpg,neutral
176.jpg,uncertain
177.jpg,neutral
178.jpg,happy
179.jpg,fear
180.jpg,surprise
181.jpg,neutral
182.jpg,happy
183.jpg,anger
184.jpg,happy
185.jpg,happy
186.jpg,neutral
187.jpg,sad
188.jpg,sad
189.jpg,happy
190.jpg,anger
191.jpg,neutral
192.jpg,neutral
193.jpg,surprise
194.jpg,happy
195.jpg,happy
196.jpg,contempt
197.jpg,neutral
198.jpg,neutral
199.jpg,neutral
200.jpg,fear
201.jpg,uncertain
202.jpg,neutral
203.jpg,sad
204.jpg,sad
205.jpg,happy
206.jpg,happy
207.jpg,neutral
208.jpg,happy
209.jpg,neutral
210.jpg,anger
211.jpg,happy
212.jpg,anger
213.jpg,neutral
214.jpg,fear
215.jpg,neutral
216.jpg,happy
217.jpg,uncertain
218.jpg,sad
219.jpg,contempt
220.jpg,surprise
221.jpg,happy
222.jpg,anger
223.jpg,happy
224.jpg,fear
225.jpg,neutral
226.jpg,neutral
227.jpg,neutral
228.jpg,neutral
229.jpg,happy
230.jpg,happy
231.jpg,neutral
232.jpg,happy
233.jpg,contempt
234.jpg,neutral
235.jpg,neutral
236.jpg,anger
237.jpg,fear
238.jpg,contempt
239.jpg,anger
240.jpg,neutral
241.jpg,happy
242.jpg,anger
243.jpg,neutral
244.jpg,sad
245.jpg,happy
246.jpg,happy
247.jpg,surprise
248.jpg,neutral
249.jpg,happy
250.jpg,neutral
251.jpg,sad
252.jpg,uncertain
253.jpg,sad
254.jpg,happy
255.jpg,happy
256.jpg,happy
257.jpg,happy
258.jpg,neutral
259.jpg,neutral
260.jpg,uncertain
261.jpg,happy
262.jpg,happy
263.jpg,uncertain
264.jpg,anger
265.jpg,disgust
266.jpg,contempt
267.jpg,neutral
268.jpg,neutral
269.jpg,neutral
270.jpg,anger
271.jpg,uncertain
272.jpg,surprise
273.jpg,anger
274.jpg,happy
275.jpg,sad
276.jpg,sad
277.jpg,happy
278.jpg,neutral
279.jpg,neutral
280.jpg,uncertain
281.jpg,disgust
282.jpg,neutral
283.jpg,uncertain
284.jpg,uncertain
285.jpg,uncertain
286.jpg,happy
287.jpg,sad
288.jpg,happy
289.jpg,neutral
290.jpg,uncertain
291.jpg,uncertain
292.jpg,happy
293.jpg,happy
294.jpg,sad
295.jpg,sad
296.jpg,happy
297.jpg,neutral
298.jpg,happy
299.jpg,anger
300.jpg,surprise
301.jpg,disgust
302.jpg,uncertain
303.jpg,fear
304.jpg,neutral
305.jpg,uncertain
306.jpg,contempt
307.jpg,anger
308.jpg,neutral
309.jpg,happy
310.jpg,neutral
311.jpg,neutral
312.jpg,happy
313.jpg,uncertain
314.jpg,surprise
315.jpg,happy
316.jpg,neutral
317.jpg,happy
318.jpg,neutral
319.jpg,uncertain
320.jpg,neutral
321.jpg,sad
322.jpg,happy
323.jpg,anger
324.jpg,neutral
325.jpg,happy
326.jpg,happy
327.jpg,anger
328.jpg,happy
329.jpg,surprise
330.jpg,happy
331.jpg,anger
332.jpg,neutral
333.jpg,happy
334.jpg,sad
335.jpg,neutral
336.jpg,neutral
337.jpg,sad
338.jpg,sad
339.jpg,happy
340.jpg,surprise
341.jpg,happy
342.jpg,anger
343.jpg,contempt
344.jpg,sad
345.jpg,happy
346.jpg,uncertain
347.jpg,happy
348.jpg,happy
349.jpg,happy
350.jpg,neutral
351.jpg,neutral
352.jpg,neutral
353.jpg,neutral
354.jpg,happy
355.jpg,happy
356.jpg,neutral
357.jpg,anger
358.jpg,sad
359.jpg,happy
360.jpg,fear
361.jpg,sad
362.jpg,neutral
363.jpg,happy
364.jpg,anger
365.jpg,neutral
366.jpg,neutral
367.jpg,happy
368.jpg,anger
369.jpg,uncertain
370.jpg,surprise
371.jpg,contempt
372.jpg,neutral
373.jpg,happy
374.jpg,happy
375.jpg,fear
376.jpg,sad
377.jpg,neutral
378.jpg,neutral
379.jpg,happy
380.jpg,surprise
381.jpg,neutral
382.jpg,happy
383.jpg,happy
384.jpg,anger
385.jpg,uncertain
386.jpg,uncertain
387.jpg,happy
388.jpg,anger
389.jpg,anger
390.jpg,neutral
391.jpg,uncertain
392.jpg,happy
393.jpg,fear
394.jpg,neutral
395.jpg,contempt
396.jpg,sad
397.jpg,fear
398.jpg,happy
399.jpg,neutral
400.jpg,contempt
401.jpg,fear
402.jpg,neutral
403.jpg,contempt
404.jpg,anger
405.jpg,happy
406.jpg,happy
407.jpg,sad
408.jpg,happy
409.jpg,contempt
410.jpg,disgust
411.jpg,sad
412.jpg,neutral
413.jpg,happy
414.jpg,neutral
415.jpg,surprise
416.jpg,anger
417.jpg,sad
418.jpg,neutral
419.jpg,neutral
420.jpg,neutral
421.jpg,neutral
422.jpg,happy
423.jpg,sad
424.jpg,happy
425.jpg,uncertain
426.jpg,neutral
427.jpg,neutral
428.jpg,happy
429.jpg,anger
430.jpg,neutral
431.jpg,happy
432.jpg,happy
433.jpg,neutral
434.jpg,happy
435.jpg,uncertain
436.jpg,happy
437.jpg,sad
438.jpg,anger
439.jpg,neutral
440.jpg,sad
441.jpg,anger
442.jpg,neutral
443.jpg,neutral
444.jpg,surprise
445.jpg,uncertain
446.jpg,contempt
447.jpg,neutral
448.jpg,surprise
449.jpg,fear
450.jpg,happy
451.jpg,happy
452.jpg,neutral
453.jpg,fear
454.jpg,happy
455.jpg,anger
456.jpg,happy
457.jpg,surprise
458.jpg,neutral
459.jpg,happy
460.jpg,sad
461.jpg,contempt
462.jpg,uncertain
463.jpg,uncertain
464.jpg,uncertain
465.jpg,neutral
466.jpg,neutral
467.jpg,disgust
468.jpg,happy
469.jpg,uncertain
470.jpg,uncertain
471.jpg,neutral
472.jpg,anger
473.jpg,anger
474.jpg,sad
475.jpg,contempt
476.jpg,anger
477.jpg,sad
478.jpg,contempt
479.jpg,anger
480.jpg,surprise
481.jpg,surprise
482.jpg,anger
483.jpg,neutral
484.jpg,surprise
485.jpg,happy
486.jpg,happy
487.jpg,happy
488.jpg,anger
489.jpg,contempt
490.jpg,sad
491.jpg,surprise
492.jpg,happy
493.jpg,neutral
494.jpg,contempt
495.jpg,happy
496.jpg,anger
497.jpg,anger
498.jpg,happy
499.jpg,sad
500.jpg,happy
501.jpg,neutral
502.jpg,neutral
503.jpg,neutral
504.jpg,fear
505.jpg,contempt
506.jpg,surprise
507.jpg,uncertain
508.jpg,uncertain
509.jpg,surprise
510.jpg,uncertain
511.jpg,happy
512.jpg,happy
513.jpg,neutral
514.jpg,neutral
515.jpg,disgust
516.jpg,happy
517.jpg,anger
518.jpg,happy
519.jpg,surprise
520.jpg,happy
521.jpg,neutral
522.jpg,happy
523.jpg,neutral
524.jpg,happy
525.jpg,uncertain
526.jpg,sad
527.jpg,disgust
528.jpg,disgust
529.jpg,uncertain
530.jpg,neutral
531.jpg,anger
532.jpg,uncertain
533.jpg,uncertain
534.jpg,happy
535.jpg,neutral
536.jpg,uncertain
537.jpg,uncertain
538.jpg,neutral
539.jpg,neutral
540.jpg,neutral
541.jpg,neutral
542.jpg,fear
543.jpg,neutral
544.jpg,happy
545.jpg,neutral
546.jpg,sad
547.jpg,surprise
548.jpg,happy
549.jpg,happy
550.jpg,neutral
551.jpg,happy
552.jpg,anger
553.jpg,happy
554.jpg,neutral
555.jpg,neutral
556.jpg,anger
557.jpg,happy
558.jpg,neutral
559.jpg,neutral
560.jpg,surprise
561.jpg,neutral
562.jpg,anger
563.jpg,happy
564.jpg,happy
565.jpg,contempt
566.jpg,anger
567.jpg,sad
568.jpg,neutral
569.jpg,surprise
570.jpg,happy
571.jpg,sad
572.jpg,uncertain
573.jpg,happy
574.jpg,anger
575.jpg,happy
576.jpg,happy
577.jpg,uncertain
578.jpg,anger
579.jpg,happy
580.jpg,anger
581.jpg,happy
582.jpg,happy
583.jpg,happy
584.jpg,happy
585.jpg,neutral
586.jpg,neutral
587.jpg,happy
588.jpg,contempt
589.jpg,happy
590.jpg,sad
591.jpg,anger
592.jpg,happy
593.jpg,happy
594.jpg,anger
595.jpg,happy
596.jpg,neutral
597.jpg,happy
598.jpg,uncertain
599.jpg,happy
600.jpg,neutral
601.jpg,surprise
602.jpg,anger
603.jpg,anger
604.jpg,uncertain
605.jpg,uncertain
606.jpg,neutral
607.jpg,neutral
608.jpg,neutral
609.jpg,neutral
610.jpg,contempt
611.jpg,happy
612.jpg,uncertain
613.jpg,happy
614.jpg,uncertain
615.jpg,happy
616.jpg,uncertain
617.jpg,neutral
618.jpg,anger
619.jpg,happy
620.jpg,anger
621.jpg,fear
622.jpg,happy
623.jpg,neutral
624.jpg,fear
625.jpg,uncertain
626.jpg,neutral
627.jpg,surprise
628.jpg,neutral
629.jpg,anger
630.jpg,uncertain
631.jpg,contempt
632.jpg,neutral
633.jpg,uncertain
634.jpg,happy
635.jpg,happy
636.jpg,happy
637.jpg,surprise
638.jpg,uncertain
639.jpg,surprise
640.jpg,sad
641.jpg,neutral
642.jpg,neutral
643.jpg,happy
644.jpg,uncertain
645.jpg,neutral
646.jpg,neutral
647.jpg,uncertain
648.jpg,happy
649.jpg,happy
650.jpg,anger
651.jpg,neutral
652.jpg,happy
653.jpg,anger
654.jpg,sad
655.jpg,happy
656.jpg,sad
657.jpg,fear
658.jpg,sad
659.jpg,happy
660.jpg,anger
661.jpg,contempt
662.jpg,neutral
663.jpg,anger
664.jpg,happy
665.jpg,neutral
666.jpg,neutral
667.jpg,neutral
668.jpg,uncertain
669.jpg,uncertain
670.jpg,uncertain
671.jpg,neutral
672.jpg,anger
673.jpg,happy
674.jpg,neutral
675.jpg,contempt
676.jpg,neutral
677.jpg,anger
678.jpg,neutral
679.jpg,uncertain
680.jpg,neutral
681.jpg,sad
682.jpg,happy
683.jpg,neutral
684.jpg,happy
685.jpg,fear
686.jpg,happy
687.jpg,happy
688.jpg,surprise
689.jpg,neutral
690.jpg,happy
691.jpg,uncertain
692.jpg,sad
693.jpg,neutral
694.jpg,contempt
695.jpg,neutral
696.jpg,neutral
697.jpg,surprise
698.jpg,happy
699.jpg,neutral
700.jpg,sad
701.jpg,surprise
702.jpg,happy
703.jpg,neutral
704.jpg,happy
705.jpg,sad
706.jpg,happy
707.jpg,uncertain
708.jpg,neutral
709.jpg,sad
710.jpg,surprise
711.jpg,disgust
712.jpg,neutral
713.jpg,neutral
714.jpg,neutral
715.jpg,happy
716.jpg,sad
717.jpg,neutral
718.jpg,sad
719.jpg,neutral
720.jpg,happy
721.jpg,contempt
722.jpg,neutral
723.jpg,surprise
724.jpg,contempt
725.jpg,neutral
726.jpg,happy
727.jpg,happy
728.jpg,contempt
729.jpg,neutral
730.jpg,fear
731.jpg,sad
732.jpg,anger
733.jpg,anger
734.jpg,happy
735.jpg,happy
736.jpg,contempt
737.jpg,happy
738.jpg,neutral
739.jpg,neutral
740.jpg,happy
741.jpg,uncertain
742.jpg,happy
743.jpg,neutral
744.jpg,neutral
745.jpg,neutral
746.jpg,happy
747.jpg,neutral
748.jpg,neutral
749.jpg,neutral
750.jpg,happy
751.jpg,anger
752.jpg,neutral
753.jpg,neutral
754.jpg,surprise
755.jpg,fear
756.jpg,neutral
757.jpg,contempt
758.jpg,sad
759.jpg,contempt
760.jpg,neutral
761.jpg,contempt
762.jpg,happy
763.jpg,sad
764.jpg,surprise
765.jpg,happy
766.jpg,happy
767.jpg,happy
768.jpg,neutral
769.jpg,happy
770.jpg,happy
771.jpg,uncertain
772.jpg,happy
773.jpg,happy
774.jpg,surprise
775.jpg,contempt
776.jpg,contempt
777.jpg,sad
778.jpg,sad
779.jpg,fear
780.jpg,surprise
781.jpg,happy
782.jpg,neutral
783.jpg,contempt
784.jpg,happy
785.jpg,contempt
786.jpg,uncertain
787.jpg,happy
788.jpg,uncertain
789.jpg,fear
790.jpg,sad
791.jpg,uncertain
792.jpg,neutral
793.jpg,disgust
794.jpg,surprise
795.jpg,happy
796.jpg,neutral
797.jpg,uncertain
798.jpg,happy
799.jpg,anger
800.jpg,neutral
801.jpg,uncertain
802.jpg,happy
803.jpg,uncertain
804.jpg,happy
805.jpg,surprise
806.jpg,surprise
807.jpg,surprise
808.jpg,neutral
809.jpg,surprise
810.jpg,neutral
811.jpg,fear
812.jpg,disgust
813.jpg,surprise
814.jpg,happy
815.jpg,disgust
816.jpg,happy
817.jpg,disgust
818.jpg,neutral
819.jpg,happy
820.jpg,happy
821.jpg,neutral
822.jpg,sad
823.jpg,uncertain
824.jpg,happy
825.jpg,disgust
826.jpg,happy
827.jpg,contempt
828.jpg,surprise
829.jpg,sad
830.jpg,neutral
831.jpg,happy
832.jpg,anger
833.jpg,happy
834.jpg,sad
835.jpg,neutral
836.jpg,neutral
837.jpg,neutral
838.jpg,neutral
839.jpg,neutral
840.jpg,neutral
841.jpg,sad
842.jpg,anger
843.jpg,happy
844.jpg,disgust
845.jpg,neutral
846.jpg,happy
847.jpg,happy
848.jpg,sad
849.jpg,contempt
850.jpg,uncertain
851.jpg,disgust
852.jpg,anger
853.jpg,happy
854.jpg,anger
855.jpg,sad
856.jpg,uncertain
857.jpg,neutral
858.jpg,neutral
859.jpg,contempt
860.jpg,anger
861.jpg,sad
862.jpg,surprise
863.jpg,anger
864.jpg,happy
865.jpg,happy
866.jpg,happy
867.jpg,happy
868.jpg,uncertain
869.jpg,neutral
870.jpg,happy
871.jpg,anger
872.jpg,contempt
873.jpg,uncertain
874.jpg,neutral
875.jpg,happy
876.jpg,neutral
877.jpg,contempt
878.jpg,uncertain
879.jpg,neutral
880.jpg,neutral
881.jpg,neutral
882.jpg,neutral
883.jpg,neutral
884.jpg,neutral
885.jpg,neutral
886.jpg,surprise
887.jpg,neutral
888.jpg,sad
889.jpg,uncertain
890.jpg,uncertain
891.jpg,anger
892.jpg,uncertain
893.jpg,sad
894.jpg,happy
895.jpg,disgust
896.jpg,happy
897.jpg,neutral
898.jpg,happy
899.jpg,contempt
900.jpg,neutral
901.jpg,happy
902.jpg,neutral
903.jpg,uncertain
904.jpg,happy
905.jpg,happy
906.jpg,neutral
907.jpg,anger
908.jpg,sad
909.jpg,contempt
910.jpg,anger
911.jpg,surprise
912.jpg,happy
913.jpg,happy
914.jpg,fear
915.jpg,neutral
916.jpg,surprise
917.jpg,neutral
918.jpg,happy
919.jpg,contempt
920.jpg,sad
921.jpg,uncertain
922.jpg,anger
923.jpg,contempt
924.jpg,happy
925.jpg,neutral
926.jpg,neutral
927.jpg,surprise
928.jpg,happy
929.jpg,sad
930.jpg,anger
931.jpg,neutral
932.jpg,anger
933.jpg,neutral
934.jpg,happy
935.jpg,neutral
936.jpg,uncertain
937.jpg,anger
938.jpg,anger
939.jpg,sad
940.jpg,neutral
941.jpg,happy
942.jpg,anger
943.jpg,sad
944.jpg,uncertain
945.jpg,surprise
946.jpg,contempt
947.jpg,happy
948.jpg,uncertain
949.jpg,happy
950.jpg,neutral
951.jpg,surprise
952.jpg,sad
953.jpg,fear
954.jpg,anger
955.jpg,disgust
956.jpg,happy
957.jpg,neutral
958.jpg,neutral
959.jpg,anger
960.jpg,surprise
961.jpg,anger
962.jpg,disgust
963.jpg,neutral
964.jpg,neutral
965.jpg,uncertain
966.jpg,anger
967.jpg,fear
968.jpg,neutral
969.jpg,anger
970.jpg,fear
971.jpg,uncertain
972.jpg,contempt
973.jpg,sad
974.jpg,neutral
975.jpg,neutral
976.jpg,happy
977.jpg,happy
978.jpg,sad
979.jpg,sad
980.jpg,neutral
981.jpg,neutral
982.jpg,happy
983.jpg,uncertain
984.jpg,neutral
985.jpg,happy
986.jpg,neutral
987.jpg,happy
988.jpg,happy
989.jpg,neutral
990.jpg,neutral
991.jpg,uncertain
992.jpg,happy
993.jpg,happy
994.jpg,happy
995.jpg,happy
996.jpg,happy
997.jpg,sad
998.jpg,neutral
999.jpg,happy
1000.jpg,happy
1001.jpg,happy
1002.jpg,contempt
1003.jpg,neutral
1004.jpg,neutral
1005.jpg,contempt
1006.jpg,neutral
1007.jpg,happy
1008.jpg,neutral
1009.jpg,neutral
1010.jpg,surprise
1011.jpg,happy
1012.jpg,happy
1013.jpg,uncertain
1014.jpg,happy
1015.jpg,happy
1016.jpg,neutral
1017.jpg,happy
1018.jpg,anger
1019.jpg,uncertain
1020.jpg,happy
1021.jpg,neutral
1022.jpg,happy
1023.jpg,contempt
1024.jpg,uncertain
1025.jpg,happy
1026.jpg,neutral
1027.jpg,neutral
1028.jpg,happy
1029.jpg,uncertain
1030.jpg,uncertain
1031.jpg,happy
1032.jpg,happy
1033.jpg,neutral
1034.jpg,surprise
1035.jpg,neutral
1036.jpg,neutral
1037.jpg,surprise
1038.jpg,fear
1039.jpg,happy
1040.jpg,uncertain
1041.jpg,happy
1042.jpg,neutral
1043.jpg,surprise
1044.jpg,uncertain
1045.jpg,happy
1046.jpg,sad
1047.jpg,neutral
1048.jpg,contempt
1049.jpg,surprise
1050.jpg,happy
1051.jpg,fear
1052.jpg,neutral
1053.jpg,happy
1054.jpg,sad
1055.jpg,neutral
1056.jpg,happy
1057.jpg,uncertain
1058.jpg,neutral
1059.jpg,happy
1060.jpg,neutral
1061.jpg,neutral
1062.jpg,happy
1063.jpg,anger
1064.jpg,sad
1065.jpg,contempt
1066.jpg,happy
1067.jpg,neutral
1068.jpg,happy
1069.jpg,neutral
1070.jpg,neutral
1071.jpg,uncertain
1072.jpg,uncertain
1073.jpg,sad
1074.jpg,happy
1075.jpg,happy
1076.jpg,happy
1077.jpg,contempt
1078.jpg,happy
1079.jpg,happy
1080.jpg,contempt
1081.jpg,uncertain
1082.jpg,uncertain
1083.jpg,sad
1084.jpg,neutral
1085.jpg,neutral
1086.jpg,neutral
1087.jpg,anger
1088.jpg,uncertain
1089.jpg,contempt
1090.jpg,happy
1091.jpg,neutral
1092.jpg,happy
1093.jpg,neutral
1094.jpg,happy
1095.jpg,uncertain
1096.jpg,happy
1097.jpg,contempt
1098.jpg,anger
1099.jpg,anger
1100.jpg,neutral
1101.jpg,happy
1102.jpg,surprise
1103.jpg,happy
1104.jpg,neutral
1105.jpg,uncertain
1106.jpg,happy
1107.jpg,happy
1108.jpg,surprise
1109.jpg,happy
1110.jpg,happy
1111.jpg,uncertain
1112.jpg,happy
1113.jpg,neutral
1114.jpg,neutral
1115.jpg,anger
1116.jpg,neutral
1117.jpg,uncertain
1118.jpg,sad
1119.jpg,surprise
1120.jpg,neutral
1121.jpg,happy
1122.jpg,surprise
1123.jpg,happy
1124.jpg,neutral
1125.jpg,sad
1126.jpg,fear
1127.jpg,neutral
1128.jpg,uncertain
1129.jpg,happy
1130.jpg,neutral
1131.jpg,uncertain
1132.jpg,neutral
1133.jpg,neutral
1134.jpg,fear
1135.jpg,fear
1136.jpg,uncertain
1137.jpg,happy
1138.jpg,surprise
1139.jpg,neutral
1140.jpg,happy
1141.jpg,uncertain
1142.jpg,sad
1143.jpg,neutral
1144.jpg,happy
1145.jpg,neutral
1146.jpg,fear
1147.jpg,neutral
1148.jpg,neutral
1149.jpg,surprise
1150.jpg,anger
1151.jpg,contempt
1152.jpg,anger
1153.jpg,happy
1154.jpg,happy
1155.jpg,happy
1156.jpg,happy
1157.jpg,neutral
1158.jpg,neutral
1159.jpg,neutral
1160.jpg,happy
1161.jpg,neutral
1162.jpg,anger
1163.jpg,neutral
1164.jpg,surprise
1165.jpg,uncertain
1166.jpg,happy
1167.jpg,fear
1168.jpg,happy
1169.jpg,neutral
1170.jpg,happy
1171.jpg,neutral
1172.jpg,happy
1173.jpg,contempt
1174.jpg,neutral
1175.jpg,sad
1176.jpg,neutral
1177.jpg,surprise
1178.jpg,happy
1179.jpg,happy
1180.jpg,happy
1181.jpg,happy
1182.jpg,neutral
1183.jpg,happy
1184.jpg,happy
1185.jpg,neutral
1186.jpg,anger
1187.jpg,neutral
1188.jpg,happy
1189.jpg,happy
1190.jpg,happy
1191.jpg,neutral
1192.jpg,surprise
1193.jpg,neutral
1194.jpg,neutral
1195.jpg,neutral
1196.jpg,anger
1197.jpg,fear
1198.jpg,neutral
1199.jpg,happy
1200.jpg,sad
1201.jpg,happy
1202.jpg,neutral
1203.jpg,contempt
1204.jpg,sad
1205.jpg,happy
1206.jpg,uncertain
1207.jpg,sad
1208.jpg,sad
1209.jpg,neutral
1210.jpg,neutral
1211.jpg,surprise
1212.jpg,sad
1213.jpg,happy
1214.jpg,happy
1215.jpg,neutral
1216.jpg,happy
1217.jpg,neutral
1218.jpg,happy
1219.jpg,happy
1220.jpg,uncertain
1221.jpg,fear
1222.jpg,anger
1223.jpg,surprise
1224.jpg,neutral
1225.jpg,happy
1226.jpg,neutral
1227.jpg,sad
1228.jpg,sad
1229.jpg,uncertain
1230.jpg,neutral
1231.jpg,happy
1232.jpg,anger
1233.jpg,surprise
1234.jpg,anger
1235.jpg,neutral
1236.jpg,neutral
1237.jpg,disgust
1238.jpg,happy
1239.jpg,anger
1240.jpg,happy
1241.jpg,anger
1242.jpg,disgust
1243.jpg,neutral
1244.jpg,happy
1245.jpg,surprise
1246.jpg,sad
1247.jpg,neutral
1248.jpg,surprise
1249.jpg,happy
1250.jpg,happy
1251.jpg,sad
1252.jpg,neutral
1253.jpg,happy
1254.jpg,neutral
1255.jpg,neutral
1256.jpg,surprise
1257.jpg,neutral
1258.jpg,fear
1259.jpg,neutral
1260.jpg,uncertain
1261.jpg,neutral
1262.jpg,happy
1263.jpg,fear
1264.jpg,happy
1265.jpg,happy
1266.jpg,sad
1267.jpg,happy
1268.jpg,disgust
1269.jpg,anger
1270.jpg,happy
1271.jpg,contempt
1272.jpg,neutral
1273.jpg,happy
1274.jpg,happy
1275.jpg,neutral
1276.jpg,neutral
1277.jpg,surprise
1278.jpg,anger
1279.jpg,uncertain
1280.jpg,happy
1281.jpg,happy
1282.jpg,uncertain
1283.jpg,neutral
1284.jpg,disgust
1285.jpg,uncertain
1286.jpg,neutral
1287.jpg,neutral
1288.jpg,sad
1289.jpg,happy
1290.jpg,neutral
1291.jpg,uncertain
1292.jpg,happy
1293.jpg,disgust
1294.jpg,neutral
1295.jpg,happy
1296.jpg,anger
1297.jpg,uncertain
1298.jpg,neutral
1299.jpg,happy
1300.jpg,neutral
1301.jpg,surprise
1302.jpg,contempt
1303.jpg,happy
1304.jpg,surprise
1305.jpg,happy
1306.jpg,neutral
1307.jpg,uncertain
1308.jpg,contempt
1309.jpg,happy
1310.jpg,surprise
1311.jpg,sad
1312.jpg,sad
1313.jpg,happy
1314.jpg,happy
1315.jpg,uncertain
1316.jpg,sad
1317.jpg,neutral
1318.jpg,neutral
1319.jpg,neutral
1320.jpg,uncertain
1321.jpg,anger
1322.jpg,happy
1323.jpg,contempt
1324.jpg,happy
1325.jpg,surprise
1326.jpg,disgust
1327.jpg,happy
1328.jpg,surprise
1329.jpg,happy
1330.jpg,happy
1331.jpg,neutral
1332.jpg,happy
1333.jpg,happy
1334.jpg,neutral
1335.jpg,neutral
1336.jpg,happy
1337.jpg,surprise
1338.jpg,neutral
1339.jpg,sad
1340.jpg,fear
1341.jpg,happy
1342.jpg,uncertain
1343.jpg,neutral
1344.jpg,sad
1345.jpg,surprise
1346.jpg,happy
1347.jpg,happy
1348.jpg,neutral
1349.jpg,happy
1350.jpg,sad
1351.jpg,neutral
1352.jpg,sad
1353.jpg,neutral
1354.jpg,sad
1355.jpg,uncertain
1356.jpg,sad
1357.jpg,happy
1358.jpg,fear
1359.jpg,anger
1360.jpg,disgust
1361.jpg,happy
1362.jpg,surprise
1363.jpg,happy
1364.jpg,happy
1365.jpg,disgust
1366.jpg,anger
1367.jpg,neutral
1368.jpg,happy
1369.jpg,sad
1370.jpg,anger
1371.jpg,anger
1372.jpg,neutral
1373.jpg,disgust
1374.jpg,happy
1375.jpg,happy
1376.jpg,happy
1377.jpg,happy
1378.jpg,happy
1379.jpg,surprise
1380.jpg,happy
1381.jpg,anger
1382.jpg,happy
1383.jpg,uncertain
1384.jpg,uncertain
1385.jpg,neutral
1386.jpg,happy
1387.jpg,sad
1388.jpg,neutral
1389.jpg,fear
1390.jpg,surprise
1391.jpg,happy
1392.jpg,uncertain
1393.jpg,contempt
1394.jpg,neutral
1395.jpg,sad
1396.jpg,fear
1397.jpg,happy
1398.jpg,anger
1399.jpg,happy
1400.jpg,neutral
1401.jpg,anger
1402.jpg,happy
1403.jpg,neutral
1404.jpg,neutral
1405.jpg,surprise
1406.jpg,surprise
1407.jpg,neutral
1408.jpg,anger
1409.jpg,uncertain
1410.jpg,fear
1411.jpg,happy
1412.jpg,anger
1413.jpg,happy
1414.jpg,happy
1415.jpg,anger
1416.jpg,surprise
1417.jpg,uncertain
1418.jpg,anger
1419.jpg,sad
1420.jpg,happy
1421.jpg,fear
1422.jpg,happy
1423.jpg,happy
1424.jpg,neutral
1425.jpg,happy
1426.jpg,sad
1427.jpg,disgust
1428.jpg,happy
1429.jpg,neutral
1430.jpg,happy
1431.jpg,sad
1432.jpg,happy
1433.jpg,anger
1434.jpg,neutral
1435.jpg,uncertain
1436.jpg,happy
1437.jpg,fear
1438.jpg,anger
1439.jpg,happy
1440.jpg,surprise
1441.jpg,happy
1442.jpg,anger
1443.jpg,happy
1444.jpg,happy
1445.jpg,neutral
1446.jpg,neutral
1447.jpg,neutral
1448.jpg,happy
1449.jpg,disgust
1450.jpg,surprise
1451.jpg,sad
1452.jpg,disgust
1453.jpg,fear
1454.jpg,happy
1455.jpg,neutral
1456.jpg,sad
1457.jpg,happy
1458.jpg,fear
1459.jpg,happy
1460.jpg,neutral
1461.jpg,happy
1462.jpg,neutral
1463.jpg,happy
1464.jpg,happy
1465.jpg,sad
1466.jpg,happy
1467.jpg,neutral
1468.jpg,anger
1469.jpg,neutral
1470.jpg,happy
1471.jpg,uncertain
1472.jpg,happy
1473.jpg,fear
1474.jpg,happy
1475.jpg,uncertain
1476.jpg,neutral
1477.jpg,neutral
1478.jpg,surprise
1479.jpg,surprise
1480.jpg,fear
1481.jpg,neutral
1482.jpg,happy
1483.jpg,happy
1484.jpg,sad
1485.jpg,happy
1486.jpg,disgust
1487.jpg,surprise
1488.jpg,neutral
1489.jpg,sad
1490.jpg,neutral
1491.jpg,happy
1492.jpg,neutral
1493.jpg,happy
1494.jpg,surprise
1495.jpg,contempt
1496.jpg,surprise
1497.jpg,happy
1498.jpg,happy
1499.jpg,happy
1500.jpg,happy
1501.jpg,happy
1502.jpg,happy
1503.jpg,anger
1504.jpg,happy
1505.jpg,anger
1506.jpg,happy
1507.jpg,neutral
1508.jpg,happy
1509.jpg,uncertain
1510.jpg,fear
1511.jpg,neutral
1512.jpg,contempt
1513.jpg,uncertain
1514.jpg,happy
1515.jpg,surprise
1516.jpg,happy
1517.jpg,disgust
1518.jpg,happy
1519.jpg,neutral
1520.jpg,neutral
1521.jpg,happy
1522.jpg,anger
1523.jpg,neutral
1524.jpg,uncertain
1525.jpg,uncertain
1526.jpg,happy
1527.jpg,sad
1528.jpg,happy
1529.jpg,surprise
1530.jpg,happy
1531.jpg,uncertain
1532.jpg,sad
1533.jpg,happy
1534.jpg,contempt
1535.jpg,neutral
1536.jpg,happy
1537.jpg,sad
1538.jpg,neutral
1539.jpg,anger
1540.jpg,fear
1541.jpg,anger
1542.jpg,fear
1543.jpg,happy
1544.jpg,neutral
1545.jpg,happy
1546.jpg,happy
1547.jpg,neutral
1548.jpg,happy
1549.jpg,neutral
1550.jpg,neutral
1551.jpg,uncertain
1552.jpg,surprise
1553.jpg,anger
1554.jpg,surprise
1555.jpg,happy
1556.jpg,happy
1557.jpg,sad
1558.jpg,happy
1559.jpg,uncertain
1560.jpg,surprise
1561.jpg,anger
1562.jpg,happy
1563.jpg,contempt
1564.jpg,sad
1565.jpg,happy
1566.jpg,neutral
1567.jpg,neutral
1568.jpg,uncertain
1569.jpg,happy
1570.jpg,happy
1571.jpg,surprise
1572.jpg,disgust
1573.jpg,neutral
1574.jpg,neutral
1575.jpg,sad
1576.jpg,uncertain
1577.jpg,anger
1578.jpg,happy
1579.jpg,neutral
1580.jpg,happy
1581.jpg,uncertain
1582.jpg,uncertain
1583.jpg,neutral
1584.jpg,sad
1585.jpg,happy
1586.jpg,anger
1587.jpg,sad
1588.jpg,uncertain
1589.jpg,happy
1590.jpg,contempt
1591.jpg,sad
1592.jpg,fear
1593.jpg,neutral
1594.jpg,uncertain
1595.jpg,surprise
1596.jpg,happy
1597.jpg,happy
1598.jpg,happy
1599.jpg,neutral
1600.jpg,surprise
1601.jpg,neutral
1602.jpg,sad
1603.jpg,uncertain
1604.jpg,surprise
1605.jpg,neutral
1606.jpg,sad
1607.jpg,uncertain
1608.jpg,sad
1609.jpg,happy
1610.jpg,anger
1611.jpg,happy
1612.jpg,anger
1613.jpg,happy
1614.jpg,neutral
1615.jpg,happy
1616.jpg,neutral
1617.jpg,sad
1618.jpg,anger
1619.jpg,disgust
1620.jpg,neutral
1621.jpg,anger
1622.jpg,happy
1623.jpg,uncertain
1624.jpg,neutral
1625.jpg,neutral
1626.jpg,neutral
1627.jpg,happy
1628.jpg,sad
1629.jpg,contempt
1630.jpg,neutral
1631.jpg,neutral
1632.jpg,neutral
1633.jpg,fear
1634.jpg,uncertain
1635.jpg,neutral
1636.jpg,happy
1637.jpg,neutral
1638.jpg,neutral
1639.jpg,neutral
1640.jpg,anger
1641.jpg,neutral
1642.jpg,contempt
1643.jpg,happy
1644.jpg,neutral
1645.jpg,happy
1646.jpg,happy
1647.jpg,surprise
1648.jpg,surprise
1649.jpg,happy
1650.jpg,uncertain
1651.jpg,neutral
1652.jpg,uncertain
1653.jpg,neutral
1654.jpg,sad
1655.jpg,uncertain
1656.jpg,contempt
1657.jpg,anger
1658.jpg,neutral
1659.jpg,uncertain
1660.jpg,uncertain
1661.jpg,happy
1662.jpg,fear
1663.jpg,happy
1664.jpg,happy
1665.jpg,happy
1666.jpg,happy
1667.jpg,happy
1668.jpg,sad
1669.jpg,contempt
1670.jpg,surprise
1671.jpg,happy
1672.jpg,anger
1673.jpg,neutral
1674.jpg,happy
1675.jpg,uncertain
1676.jpg,neutral
1677.jpg,neutral
1678.jpg,happy
1679.jpg,neutral
1680.jpg,happy
1681.jpg,anger
1682.jpg,happy
1683.jpg,happy
1684.jpg,happy
1685.jpg,uncertain
1686.jpg,uncertain
1687.jpg,happy
1688.jpg,anger
1689.jpg,sad
1690.jpg,happy
1691.jpg,uncertain
1692.jpg,happy
1693.jpg,neutral
1694.jpg,neutral
1695.jpg,surprise
1696.jpg,happy
1697.jpg,neutral
1698.jpg,anger
1699.jpg,happy
1700.jpg,happy
1701.jpg,happy
1702.jpg,happy
1703.jpg,neutral
1704.jpg,neutral
1705.jpg,sad
1706.jpg,happy
1707.jpg,sad
1708.jpg,happy
1709.jpg,uncertain
1710.jpg,uncertain
1711.jpg,neutral
1712.jpg,uncertain
1713.jpg,neutral
1714.jpg,happy
1715.jpg,anger
1716.jpg,happy
1717.jpg,surprise
1718.jpg,happy
1719.jpg,happy
1720.jpg,contempt
1721.jpg,uncertain
1722.jpg,surprise
1723.jpg,sad
1724.jpg,happy
1725.jpg,surprise
1726.jpg,anger
1727.jpg,uncertain
1728.jpg,neutral
1729.jpg,happy
1730.jpg,neutral
1731.jpg,neutral
1732.jpg,neutral
1733.jpg,happy
1734.jpg,neutral
1735.jpg,happy
1736.jpg,uncertain
1737.jpg,sad
1738.jpg,surprise
1739.jpg,fear
1740.jpg,neutral
1741.jpg,uncertain
1742.jpg,neutral
1743.jpg,disgust
1744.jpg,sad
1745.jpg,uncertain
1746.jpg,anger
1747.jpg,happy
1748.jpg,surprise
1749.jpg,uncertain
1750.jpg,surprise
1751.jpg,happy
1752.jpg,sad
1753.jpg,neutral
1754.jpg,sad
1755.jpg,happy
1756.jpg,neutral
1757.jpg,happy
1758.jpg,neutral
1759.jpg,neutral
1760.jpg,contempt
1761.jpg,neutral
1762.jpg,sad
1763.jpg,happy
1764.jpg,uncertain
1765.jpg,neutral
1766.jpg,neutral
1767.jpg,uncertain
1768.jpg,neutral
1769.jpg,happy
1770.jpg,fear
1771.jpg,neutral
1772.jpg,uncertain
1773.jpg,sad
1774.jpg,uncertain
1775.jpg,happy
1776.jpg,disgust
1777.jpg,uncertain
1778.jpg,surprise
1779.jpg,happy
1780.jpg,neutral
1781.jpg,neutral
1782.jpg,fear
1783.jpg,neutral
1784.jpg,happy
1785.jpg,happy
1786.jpg,happy
1787.jpg,neutral
1788.jpg,happy
1789.jpg,happy
1790.jpg,happy
1791.jpg,happy
1792.jpg,happy
1793.jpg,uncertain
1794.jpg,happy
1795.jpg,happy
1796.jpg,anger
1797.jpg,happy
1798.jpg,contempt
1799.jpg,happy
1800.jpg,happy
1801.jpg,happy
1802.jpg,happy
1803.jpg,anger
1804.jpg,happy
1805.jpg,disgust
1806.jpg,happy
1807.jpg,happy
1808.jpg,neutral
1809.jpg,disgust
1810.jpg,surprise
1811.jpg,happy
1812.jpg,sad
1813.jpg,surprise
1814.jpg,uncertain
1815.jpg,happy
1816.jpg,happy
1817.jpg,uncertain
1818.jpg,happy
1819.jpg,sad
1820.jpg,neutral
1821.jpg,sad
1822.jpg,sad
1823.jpg,neutral
1824.jpg,happy
1825.jpg,sad
1826.jpg,disgust
1827.jpg,happy
1828.jpg,anger
1829.jpg,fear
1830.jpg,neutral
1831.jpg,sad
1832.jpg,happy
1833.jpg,anger
1834.jpg,happy
1835.jpg,sad
1836.jpg,happy
1837.jpg,surprise
1838.jpg,happy
1839.jpg,sad
1840.jpg,neutral
1841.jpg,disgust
1842.jpg,surprise
1843.jpg,surprise
1844.jpg,happy
1845.jpg,happy
1846.jpg,surprise
1847.jpg,happy
1848.jpg,happy
1849.jpg,uncertain
1850.jpg,happy
1851.jpg,anger
1852.jpg,neutral
1853.jpg,sad
1854.jpg,sad
1855.jpg,happy
1856.jpg,fear
1857.jpg,uncertain
1858.jpg,happy
1859.jpg,surprise
1860.jpg,happy
1861.jpg,sad
1862.jpg,uncertain
1863.jpg,uncertain
1864.jpg,happy
1865.jpg,neutral
1866.jpg,happy
1867.jpg,anger
1868.jpg,happy
1869.jpg,uncertain
1870.jpg,happy
1871.jpg,sad
1872.jpg,neutral
1873.jpg,neutral
1874.jpg,sad
1875.jpg,surprise
1876.jpg,sad
1877.jpg,happy
1878.jpg,uncertain
1879.jpg,anger
1880.jpg,disgust
1881.jpg,surprise
1882.jpg,neutral
1883.jpg,fear
1884.jpg,neutral
1885.jpg,neutral
1886.jpg,happy
1887.jpg,neutral
1888.jpg,neutral
1889.jpg,happy
1890.jpg,happy
1891.jpg,disgust
1892.jpg,uncertain
1893.jpg,happy
1894.jpg,anger
1895.jpg,happy
1896.jpg,contempt
1897.jpg,neutral
1898.jpg,contempt
1899.jpg,fear
1900.jpg,surprise
1901.jpg,happy
1902.jpg,neutral
1903.jpg,neutral
1904.jpg,neutral
1905.jpg,surprise
1906.jpg,neutral
1907.jpg,neutral
1908.jpg,neutral
1909.jpg,fear
1910.jpg,neutral
1911.jpg,happy
1912.jpg,surprise
1913.jpg,surprise
1914.jpg,neutral
1915.jpg,happy
1916.jpg,neutral
1917.jpg,happy
1918.jpg,happy
1919.jpg,neutral
1920.jpg,neutral
1921.jpg,contempt
1922.jpg,neutral
1923.jpg,surprise
1924.jpg,neutral
1925.jpg,happy
1926.jpg,contempt
1927.jpg,contempt
1928.jpg,uncertain
1929.jpg,happy
1930.jpg,sad
1931.jpg,uncertain
1932.jpg,sad
1933.jpg,neutral
1934.jpg,neutral
1935.jpg,neutral
1936.jpg,happy
1937.jpg,contempt
1938.jpg,neutral
1939.jpg,neutral
1940.jpg,uncertain
1941.jpg,neutral
1942.jpg,contempt
1943.jpg,uncertain
1944.jpg,happy
1945.jpg,neutral
1946.jpg,neutral
1947.jpg,happy
1948.jpg,uncertain
1949.jpg,neutral
1950.jpg,contempt
1951.jpg,happy
1952.jpg,uncertain
1953.jpg,happy
1954.jpg,uncertain
1955.jpg,disgust
1956.jpg,uncertain
1957.jpg,neutral
1958.jpg,surprise
1959.jpg,surprise
1960.jpg,surprise
1961.jpg,anger
1962.jpg,anger
1963.jpg,neutral
1964.jpg,neutral
1965.jpg,uncertain
1966.jpg,neutral
1967.jpg,happy
1968.jpg,happy
1969.jpg,surprise
1970.jpg,neutral
1971.jpg,neutral
1972.jpg,neutral
1973.jpg,surprise
1974.jpg,happy
1975.jpg,anger
1976.jpg,disgust
1977.jpg,neutral
1978.jpg,happy
1979.jpg,surprise
1980.jpg,neutral
1981.jpg,happy
1982.jpg,happy
1983.jpg,neutral
1984.jpg,happy
1985.jpg,happy
1986.jpg,neutral
1987.jpg,anger
1988.jpg,anger
1989.jpg,uncertain
1990.jpg,anger
1991.jpg,surprise
1992.jpg,neutral
1993.jpg,happy
1994.jpg,happy
1995.jpg,contempt
1996.jpg,disgust
1997.jpg,neutral
1998.jpg,anger
1999.jpg,neutral
2000.jpg,neutral
2001.jpg,happy
2002.jpg,neutral
2003.jpg,happy
2004.jpg,sad
2005.jpg,happy
2006.jpg,neutral
2007.jpg,neutral
2008.jpg,happy
2009.jpg,neutral
2010.jpg,anger
2011.jpg,happy
2012.jpg,happy
2013.jpg,sad
2014.jpg,happy
2015.jpg,happy
2016.jpg,uncertain
2017.jpg,neutral
2018.jpg,neutral
2019.jpg,neutral
2020.jpg,neutral
2021.jpg,uncertain
2022.jpg,neutral
2023.jpg,uncertain
2024.jpg,uncertain
2025.jpg,contempt
2026.jpg,uncertain
2027.jpg,neutral
2028.jpg,sad
2029.jpg,happy
2030.jpg,anger
2031.jpg,neutral
2032.jpg,surprise
2033.jpg,neutral
2034.jpg,neutral
2035.jpg,happy
2036.jpg,happy
2037.jpg,fear
2038.jpg,sad
2039.jpg,fear
2040.jpg,surprise
2041.jpg,surprise
2042.jpg,happy
2043.jpg,happy
2044.jpg,neutral
2045.jpg,happy
2046.jpg,sad
2047.jpg,happy
2048.jpg,uncertain
2049.jpg,neutral
2050.jpg,uncertain
2051.jpg,happy
2052.jpg,anger
2053.jpg,neutral
2054.jpg,fear
2055.jpg,neutral
2056.jpg,happy
2057.jpg,surprise
2058.jpg,neutral
2059.jpg,sad
2060.jpg,happy
2061.jpg,neutral
2062.jpg,surprise
2063.jpg,happy
2064.jpg,sad
2065.jpg,fear
2066.jpg,happy
2067.jpg,uncertain
2068.jpg,neutral
2069.jpg,uncertain
2070.jpg,happy
2071.jpg,neutral
2072.jpg,happy
2073.jpg,happy
2074.jpg,happy
2075.jpg,anger
2076.jpg,surprise
2077.jpg,happy
2078.jpg,happy
2079.jpg,neutral
2080.jpg,neutral
2081.jpg,neutral
2082.jpg,neutral
2083.jpg,happy
2084.jpg,anger
2085.jpg,neutral
2086.jpg,sad
2087.jpg,sad
2088.jpg,happy
2089.jpg,happy
2090.jpg,neutral
2091.jpg,surprise
2092.jpg,neutral
2093.jpg,contempt
2094.jpg,surprise
2095.jpg,happy
2096.jpg,happy
2097.jpg,uncertain
2098.jpg,neutral
2099.jpg,contempt
2100.jpg,uncertain
2101.jpg,surprise
2102.jpg,neutral
2103.jpg,fear
2104.jpg,anger
2105.jpg,happy
2106.jpg,fear
2107.jpg,uncertain
2108.jpg,neutral
2109.jpg,fear
2110.jpg,surprise
2111.jpg,happy
2112.jpg,anger
2113.jpg,happy
2114.jpg,neutral
2115.jpg,sad
2116.jpg,surprise
2117.jpg,neutral
2118.jpg,anger
2119.jpg,contempt
2120.jpg,happy
2121.jpg,surprise
2122.jpg,uncertain
2123.jpg,neutral
2124.jpg,neutral
2125.jpg,contempt
2126.jpg,neutral
2127.jpg,anger
2128.jpg,anger
2129.jpg,happy
2130.jpg,uncertain
2131.jpg,happy
2132.jpg,neutral
2133.jpg,happy
2134.jpg,neutral
2135.jpg,neutral
2136.jpg,happy
2137.jpg,happy
2138.jpg,neutral
2139.jpg,neutral
2140.jpg,sad
2141.jpg,sad
2142.jpg,anger
2143.jpg,happy
2144.jpg,neutral
2145.jpg,fear
2146.jpg,surprise
2147.jpg,happy
2148.jpg,happy
2149.jpg,contempt
2150.jpg,uncertain
2151.jpg,neutral
2152.jpg,fear
2153.jpg,happy
2154.jpg,surprise
2155.jpg,uncertain
2156.jpg,uncertain
2157.jpg,contempt
2158.jpg,neutral
2159.jpg,neutral
2160.jpg,happy
2161.jpg,uncertain
2162.jpg,happy
2163.jpg,neutral
2164.jpg,happy
2165.jpg,happy
2166.jpg,happy
2167.jpg,neutral
2168.jpg,uncertain
2169.jpg,happy
2170.jpg,sad
2171.jpg,contempt
2172.jpg,fear
2173.jpg,happy
2174.jpg,surprise
2175.jpg,happy
2176.jpg,happy
2177.jpg,neutral
2178.jpg,anger
2179.jpg,happy
2180.jpg,neutral
2181.jpg,happy
2182.jpg,anger
2183.jpg,happy
2184.jpg,uncertain
2185.jpg,surprise
2186.jpg,anger
2187.jpg,happy
2188.jpg,neutral
2189.jpg,neutral
2190.jpg,happy
2191.jpg,happy
2192.jpg,surprise
2193.jpg,happy
2194.jpg,sad
2195.jpg,contempt
2196.jpg,contempt
2197.jpg,neutral
2198.jpg,neutral
2199.jpg,happy
2200.jpg,neutral
2201.jpg,surprise
2202.jpg,happy
2203.jpg,fear
2204.jpg,neutral
2205.jpg,uncertain
2206.jpg,happy
2207.jpg,sad
2208.jpg,uncertain
2209.jpg,sad
2210.jpg,happy
2211.jpg,surprise
2212.jpg,happy
2213.jpg,uncertain
2214.jpg,neutral
2215.jpg,uncertain
2216.jpg,fear
2217.jpg,neutral
2218.jpg,uncertain
2219.jpg,anger
2220.jpg,sad
2221.jpg,neutral
2222.jpg,anger
2223.jpg,anger
2224.jpg,neutral
2225.jpg,anger
2226.jpg,anger
2227.jpg,happy
2228.jpg,neutral
2229.jpg,anger
2230.jpg,happy
2231.jpg,neutral
2232.jpg,neutral
2233.jpg,happy
2234.jpg,surprise
2235.jpg,neutral
2236.jpg,surprise
2237.jpg,happy
2238.jpg,neutral
2239.jpg,happy
2240.jpg,neutral
2241.jpg,neutral
2242.jpg,contempt
2243.jpg,happy
2244.jpg,neutral
2245.jpg,happy
2246.jpg,disgust
2247.jpg,happy
2248.jpg,happy
2249.jpg,uncertain
2250.jpg,neutral
2251.jpg,neutral
2252.jpg,contempt
2253.jpg,happy
2254.jpg,neutral
2255.jpg,happy
2256.jpg,sad
2257.jpg,happy
2258.jpg,sad
2259.jpg,surprise
2260.jpg,anger
2261.jpg,happy
2262.jpg,contempt
2263.jpg,neutral
2264.jpg,happy
2265.jpg,uncertain
2266.jpg,uncertain
2267.jpg,anger
2268.jpg,happy
2269.jpg,sad
2270.jpg,fear
2271.jpg,happy
2272.jpg,neutral
2273.jpg,neutral
2274.jpg,anger
2275.jpg,happy
2276.jpg,anger
2277.jpg,happy
2278.jpg,contempt
2279.jpg,happy
2280.jpg,neutral
2281.jpg,happy
2282.jpg,happy
2283.jpg,neutral
2284.jpg,disgust
2285.jpg,happy
2286.jpg,contempt
2287.jpg,fear
2288.jpg,contempt
2289.jpg,happy
2290.jpg,disgust
2291.jpg,uncertain
2292.jpg,neutral
2293.jpg,uncertain
2294.jpg,sad
2295.jpg,neutral
2296.jpg,fear
2297.jpg,happy
2298.jpg,neutral
2299.jpg,surprise
2300.jpg,surprise
2301.jpg,happy
2302.jpg,uncertain
2303.jpg,neutral
2304.jpg,surprise
2305.jpg,happy
2306.jpg,uncertain
2307.jpg,surprise
2308.jpg,neutral
2309.jpg,uncertain
2310.jpg,uncertain
2311.jpg,happy
2312.jpg,happy
2313.jpg,happy
2314.jpg,neutral
2315.jpg,uncertain
2316.jpg,happy
2317.jpg,neutral
2318.jpg,anger
2319.jpg,neutral
2320.jpg,happy
2321.jpg,happy
2322.jpg,happy
2323.jpg,happy
2324.jpg,neutral
2325.jpg,neutral
2326.jpg,neutral
2327.jpg,happy
2328.jpg,surprise
2329.jpg,neutral
2330.jpg,neutral
2331.jpg,happy
2332.jpg,happy
2333.jpg,disgust
2334.jpg,happy
2335.jpg,uncertain
2336.jpg,anger
2337.jpg,sad
2338.jpg,neutral
2339.jpg,happy
2340.jpg,happy
2341.jpg,neutral
2342.jpg,disgust
2343.jpg,surprise
2344.jpg,happy
2345.jpg,neutral
2346.jpg,neutral
2347.jpg,happy
2348.jpg,happy
2349.jpg,neutral
2350.jpg,happy
2351.jpg,neutral
2352.jpg,neutral
2353.jpg,happy
2354.jpg,surprise
2355.jpg,sad
2356.jpg,neutral
2357.jpg,anger
2358.jpg,neutral
2359.jpg,neutral
2360.jpg,anger
2361.jpg,neutral
2362.jpg,happy
2363.jpg,happy
2364.jpg,contempt
2365.jpg,happy
2366.jpg,disgust
2367.jpg,happy
2368.jpg,uncertain
2369.jpg,anger
2370.jpg,neutral
2371.jpg,happy
2372.jpg,surprise
2373.jpg,neutral
2374.jpg,happy
2375.jpg,happy
2376.jpg,anger
2377.jpg,sad
2378.jpg,happy
2379.jpg,neutral
2380.jpg,neutral
2381.jpg,happy
2382.jpg,neutral
2383.jpg,happy
2384.jpg,neutral
2385.jpg,contempt
2386.jpg,anger
2387.jpg,neutral
2388.jpg,neutral
2389.jpg,happy
2390.jpg,neutral
2391.jpg,uncertain
2392.jpg,happy
2393.jpg,neutral
2394.jpg,neutral
2395.jpg,anger
2396.jpg,happy
2397.jpg,happy
2398.jpg,happy
2399.jpg,neutral
2400.jpg,contempt
2401.jpg,happy
2402.jpg,happy
2403.jpg,surprise
2404.jpg,uncertain
2405.jpg,neutral
2406.jpg,fear
2407.jpg,happy
2408.jpg,sad
2409.jpg,sad
2410.jpg,happy
2411.jpg,happy
2412.jpg,sad
2413.jpg,happy
2414.jpg,neutral
2415.jpg,surprise
2416.jpg,happy
2417.jpg,neutral
2418.jpg,uncertain
2419.jpg,neutral
2420.jpg,neutral
2421.jpg,neutral
2422.jpg,happy
2423.jpg,neutral
2424.jpg,happy
2425.jpg,fear
2426.jpg,happy
2427.jpg,disgust
2428.jpg,surprise
2429.jpg,neutral
2430.jpg,contempt
2431.jpg,contempt
2432.jpg,sad
2433.jpg,neutral
2434.jpg,anger
2435.jpg,sad
2436.jpg,neutral
2437.jpg,happy
2438.jpg,disgust
2439.jpg,neutral
2440.jpg,happy
2441.jpg,neutral
2442.jpg,neutral
2443.jpg,happy
2444.jpg,surprise
2445.jpg,neutral
2446.jpg,contempt
2447.jpg,anger
2448.jpg,uncertain
2449.jpg,neutral
2450.jpg,neutral
2451.jpg,neutral
2452.jpg,anger
2453.jpg,neutral
2454.jpg,contempt
2455.jpg,anger
2456.jpg,neutral
2457.jpg,anger
2458.jpg,happy
2459.jpg,happy
2460.jpg,uncertain
2461.jpg,happy
2462.jpg,happy
2463.jpg,happy
2464.jpg,neutral
2465.jpg,neutral
2466.jpg,happy
2467.jpg,neutral
2468.jpg,neutral
2469.jpg,neutral
2470.jpg,neutral
2471.jpg,contempt
2472.jpg,neutral
2473.jpg,neutral
2474.jpg,uncertain
2475.jpg,anger
2476.jpg,uncertain
2477.jpg,anger
2478.jpg,neutral
2479.jpg,surprise
2480.jpg,surprise
2481.jpg,happy
2482.jpg,disgust
2483.jpg,happy
2484.jpg,disgust
2485.jpg,surprise
2486.jpg,uncertain
2487.jpg,fear
2488.jpg,happy
2489.jpg,contempt
2490.jpg,anger
2491.jpg,anger
2492.jpg,neutral
2493.jpg,neutral
2494.jpg,happy
2495.jpg,happy
2496.jpg,neutral
2497.jpg,anger
2498.jpg,surprise
2499.jpg,uncertain
2500.jpg,neutral
2501.jpg,happy
2502.jpg,neutral
2503.jpg,neutral
2504.jpg,happy
2505.jpg,neutral
2506.jpg,happy
2507.jpg,anger
2508.jpg,sad
2509.jpg,neutral
2510.jpg,happy
2511.jpg,happy
2512.jpg,sad
2513.jpg,happy
2514.jpg,neutral
2515.jpg,happy
2516.jpg,surprise
2517.jpg,neutral
2518.jpg,anger
2519.jpg,neutral
2520.jpg,happy
2521.jpg,happy
2522.jpg,fear
2523.jpg,happy
2524.jpg,sad
2525.jpg,happy
2526.jpg,neutral
2527.jpg,happy
2528.jpg,happy
2529.jpg,happy
2530.jpg,happy
2531.jpg,sad
2532.jpg,happy
2533.jpg,neutral
2534.jpg,fear
2535.jpg,fear
2536.jpg,anger
2537.jpg,neutral
2538.jpg,happy
2539.jpg,fear
2540.jpg,neutral
2541.jpg,happy
2542.jpg,neutral
2543.jpg,happy
2544.jpg,happy
2545.jpg,happy
2546.jpg,neutral
2547.jpg,happy
2548.jpg,happy
2549.jpg,uncertain
2550.jpg,uncertain
2551.jpg,neutral
2552.jpg,neutral
2553.jpg,anger
2554.jpg,happy
2555.jpg,neutral
2556.jpg,neutral
2557.jpg,neutral
2558.jpg,uncertain
2559.jpg,happy
2560.jpg,neutral
2561.jpg,neutral
2562.jpg,neutral
2563.jpg,happy
2564.jpg,happy
2565.jpg,neutral
2566.jpg,anger
2567.jpg,sad
2568.jpg,neutral
2569.jpg,uncertain
2570.jpg,surprise
2571.jpg,neutral
2572.jpg,neutral
2573.jpg,surprise
2574.jpg,contempt
2575.jpg,neutral
2576.jpg,surprise
2577.jpg,uncertain
2578.jpg,neutral
2579.jpg,happy
2580.jpg,fear
2581.jpg,sad
2582.jpg,neutral
2583.jpg,neutral
2584.jpg,neutral
2585.jpg,happy
2586.jpg,happy
2587.jpg,disgust
2588.jpg,sad
2589.jpg,fear
2590.jpg,uncertain
2591.jpg,happy
2592.jpg,happy
2593.jpg,neutral
2594.jpg,anger
2595.jpg,uncertain
2596.jpg,uncertain
2597.jpg,neutral
2598.jpg,uncertain
2599.jpg,sad
2600.jpg,happy
2601.jpg,happy
2602.jpg,happy
2603.jpg,surprise
2604.jpg,sad
2605.jpg,neutral
2606.jpg,neutral
2607.jpg,neutral
2608.jpg,sad
2609.jpg,uncertain
2610.jpg,anger
2611.jpg,happy
2612.jpg,sad
2613.jpg,neutral
2614.jpg,disgust
2615.jpg,anger
2616.jpg,happy
2617.jpg,happy
2618.jpg,neutral
2619.jpg,surprise
2620.jpg,happy
2621.jpg,happy
2622.jpg,neutral
2623.jpg,sad
2624.jpg,contempt
2625.jpg,uncertain
2626.jpg,happy
2627.jpg,uncertain
2628.jpg,neutral
2629.jpg,uncertain
2630.jpg,surprise
2631.jpg,happy
2632.jpg,fear
2633.jpg,surprise
2634.jpg,neutral
2635.jpg,happy
2636.jpg,happy
2637.jpg,contempt
2638.jpg,happy
2639.jpg,happy
2640.jpg,neutral
2641.jpg,sad
2642.jpg,neutral
2643.jpg,happy
2644.jpg,happy
2645.jpg,happy
2646.jpg,neutral
2647.jpg,surprise
2648.jpg,uncertain
2649.jpg,happy
2650.jpg,neutral
2651.jpg,anger
2652.jpg,happy
2653.jpg,neutral
2654.jpg,happy
2655.jpg,happy
2656.jpg,neutral
2657.jpg,uncertain
2658.jpg,uncertain
2659.jpg,neutral
2660.jpg,uncertain
2661.jpg,contempt
2662.jpg,happy
2663.jpg,anger
2664.jpg,neutral
2665.jpg,neutral
2666.jpg,uncertain
2667.jpg,neutral
2668.jpg,disgust
2669.jpg,neutral
2670.jpg,neutral
2671.jpg,happy
2672.jpg,neutral
2673.jpg,surprise
2674.jpg,neutral
2675.jpg,neutral
2676.jpg,uncertain
2677.jpg,uncertain
2678.jpg,happy
2679.jpg,neutral
2680.jpg,uncertain
2681.jpg,neutral
2682.jpg,disgust
2683.jpg,disgust
2684.jpg,happy
2685.jpg,sad
2686.jpg,sad
2687.jpg,disgust
2688.jpg,sad
2689.jpg,happy
2690.jpg,uncertain
2691.jpg,anger
2692.jpg,disgust
2693.jpg,uncertain
2694.jpg,happy
2695.jpg,surprise
2696.jpg,neutral
2697.jpg,neutral
2698.jpg,happy
2699.jpg,neutral
2700.jpg,neutral
2701.jpg,neutral
2702.jpg,uncertain
2703.jpg,happy
2704.jpg,happy
2705.jpg,neutral
2706.jpg,uncertain
2707.jpg,happy
2708.jpg,happy
2709.jpg,neutral
2710.jpg,uncertain
2711.jpg,uncertain
2712.jpg,anger
2713.jpg,neutral
2714.jpg,anger
2715.jpg,surprise
2716.jpg,surprise
2717.jpg,neutral
2718.jpg,neutral
2719.jpg,happy
2720.jpg,surprise
2721.jpg,anger
2722.jpg,neutral
2723.jpg,happy
2724.jpg,neutral
2725.jpg,happy
2726.jpg,anger
2727.jpg,happy
2728.jpg,fear
2729.jpg,anger
2730.jpg,anger
2731.jpg,sad
2732.jpg,neutral
2733.jpg,surprise
2734.jpg,surprise
2735.jpg,surprise
2736.jpg,neutral
2737.jpg,neutral
2738.jpg,surprise
2739.jpg,uncertain
2740.jpg,neutral
2741.jpg,anger
2742.jpg,uncertain
2743.jpg,surprise
2744.jpg,happy
2745.jpg,anger
2746.jpg,sad
2747.jpg,neutral
2748.jpg,neutral
2749.jpg,neutral
2750.jpg,surprise
2751.jpg,sad
2752.jpg,fear
2753.jpg,happy
2754.jpg,contempt
2755.jpg,happy
2756.jpg,neutral
2757.jpg,anger
2758.jpg,happy
2759.jpg,neutral
2760.jpg,neutral
2761.jpg,neutral
2762.jpg,neutral
2763.jpg,happy
2764.jpg,neutral
2765.jpg,neutral
2766.jpg,uncertain
2767.jpg,surprise
2768.jpg,contempt
2769.jpg,uncertain
2770.jpg,neutral
2771.jpg,neutral
2772.jpg,fear
2773.jpg,happy
2774.jpg,happy
2775.jpg,happy
2776.jpg,neutral
2777.jpg,uncertain
2778.jpg,sad
2779.jpg,happy
2780.jpg,happy
2781.jpg,sad
2782.jpg,surprise
2783.jpg,neutral
2784.jpg,neutral
2785.jpg,uncertain
2786.jpg,happy
2787.jpg,sad
2788.jpg,neutral
2789.jpg,neutral
2790.jpg,uncertain
2791.jpg,surprise
2792.jpg,anger
2793.jpg,anger
2794.jpg,fear
2795.jpg,sad
2796.jpg,anger
2797.jpg,happy
2798.jpg,uncertain
2799.jpg,neutral
2800.jpg,happy
2801.jpg,anger
2802.jpg,fear
2803.jpg,uncertain
2804.jpg,neutral
2805.jpg,neutral
2806.jpg,anger
2807.jpg,anger
2808.jpg,fear
2809.jpg,happy
2810.jpg,sad
2811.jpg,neutral
2812.jpg,happy
2813.jpg,uncertain
2814.jpg,surprise
2815.jpg,contempt
2816.jpg,happy
2817.jpg,happy
2818.jpg,fear
2819.jpg,neutral
2820.jpg,happy
2821.jpg,sad
2822.jpg,surprise
2823.jpg,sad
2824.jpg,uncertain
2825.jpg,happy
2826.jpg,happy
2827.jpg,uncertain
2828.jpg,sad
2829.jpg,neutral
2830.jpg,sad
2831.jpg,anger
2832.jpg,neutral
2833.jpg,uncertain
2834.jpg,happy
2835.jpg,fear
2836.jpg,happy
2837.jpg,disgust
2838.jpg,disgust
2839.jpg,uncertain
2840.jpg,neutral
2841.jpg,surprise
2842.jpg,contempt
2843.jpg,uncertain
2844.jpg,surprise
2845.jpg,neutral
2846.jpg,neutral
2847.jpg,happy
2848.jpg,neutral
2849.jpg,surprise
2850.jpg,neutral
2851.jpg,happy
2852.jpg,sad
2853.jpg,happy
2854.jpg,happy
2855.jpg,contempt
2856.jpg,neutral
2857.jpg,sad
2858.jpg,happy
2859.jpg,neutral
2860.jpg,neutral
2861.jpg,sad
2862.jpg,happy
2863.jpg,neutral
2864.jpg,uncertain
2865.jpg,uncertain
2866.jpg,surprise
2867.jpg,neutral
2868.jpg,anger
2869.jpg,neutral
2870.jpg,uncertain
2871.jpg,disgust
2872.jpg,sad
2873.jpg,fear
2874.jpg,neutral
2875.jpg,uncertain
2876.jpg,surprise
2877.jpg,happy
2878.jpg,uncertain
2879.jpg,neutral
2880.jpg,happy
2881.jpg,uncertain
2882.jpg,neutral
2883.jpg,happy
2884.jpg,neutral
2885.jpg,uncertain
2886.jpg,anger
2887.jpg,happy
2888.jpg,disgust
2889.jpg,happy
2890.jpg,neutral
2891.jpg,contempt
2892.jpg,uncertain
2893.jpg,sad
2894.jpg,sad
2895.jpg,sad
2896.jpg,surprise
2897.jpg,happy
2898.jpg,neutral
2899.jpg,fear
2900.jpg,surprise
2901.jpg,anger
2902.jpg,sad
2903.jpg,happy
2904.jpg,contempt
2905.jpg,happy
2906.jpg,contempt
2907.jpg,sad
2908.jpg,neutral
2909.jpg,neutral
2910.jpg,happy
2911.jpg,uncertain
2912.jpg,sad
2913.jpg,happy
2914.jpg,contempt
2915.jpg,neutral
2916.jpg,uncertain
2917.jpg,uncertain
2918.jpg,uncertain
2919.jpg,neutral
2920.jpg,neutral
2921.jpg,disgust
2922.jpg,neutral
2923.jpg,contempt
2924.jpg,neutral
2925.jpg,happy
2926.jpg,happy
2927.jpg,neutral
2928.jpg,happy
2929.jpg,neutral
2930.jpg,contempt
2931.jpg,neutral
2932.jpg,sad
2933.jpg,happy
2934.jpg,anger
2935.jpg,neutral
2936.jpg,neutral
2937.jpg,sad
2938.jpg,anger
2939.jpg,happy
2940.jpg,happy
2941.jpg,contempt
2942.jpg,neutral
2943.jpg,neutral
2944.jpg,anger
2945.jpg,happy
2946.jpg,neutral
2947.jpg,neutral
2948.jpg,uncertain
2949.jpg,uncertain
2950.jpg,happy
2951.jpg,happy
2952.jpg,neutral
2953.jpg,happy
2954.jpg,uncertain
2955.jpg,sad
2956.jpg,happy
2957.jpg,disgust
2958.jpg,anger
2959.jpg,neutral
2960.jpg,happy
2961.jpg,happy
2962.jpg,uncertain
2963.jpg,neutral
2964.jpg,uncertain
2965.jpg,neutral
2966.jpg,happy
2967.jpg,sad
2968.jpg,neutral
2969.jpg,uncertain
2970.jpg,sad
2971.jpg,happy
2972.jpg,uncertain
2973.jpg,anger
2974.jpg,uncertain
2975.jpg,neutral
2976.jpg,anger
2977.jpg,sad
2978.jpg,sad
2979.jpg,fear
2980.jpg,fear
2981.jpg,neutral
2982.jpg,anger
2983.jpg,neutral
2984.jpg,uncertain
2985.jpg,neutral
2986.jpg,anger
2987.jpg,neutral
2988.jpg,happy
2989.jpg,anger
2990.jpg,uncertain
2991.jpg,happy
2992.jpg,happy
2993.jpg,sad
2994.jpg,happy
2995.jpg,happy
2996.jpg,happy
2997.jpg,neutral
2998.jpg,uncertain
2999.jpg,neutral
3000.jpg,happy
3001.jpg,neutral
3002.jpg,disgust
3003.jpg,surprise
3004.jpg,neutral
3005.jpg,neutral
3006.jpg,fear
3007.jpg,surprise
3008.jpg,happy
3009.jpg,contempt
3010.jpg,anger
3011.jpg,neutral
3012.jpg,fear
3013.jpg,neutral
3014.jpg,neutral
3015.jpg,happy
3016.jpg,neutral
3017.jpg,surprise
3018.jpg,neutral
3019.jpg,happy
3020.jpg,happy
3021.jpg,neutral
3022.jpg,surprise
3023.jpg,neutral
3024.jpg,contempt
3025.jpg,anger
3026.jpg,neutral
3027.jpg,uncertain
3028.jpg,uncertain
3029.jpg,happy
3030.jpg,neutral
3031.jpg,uncertain
3032.jpg,anger
3033.jpg,happy
3034.jpg,sad
3035.jpg,happy
3036.jpg,uncertain
3037.jpg,uncertain
3038.jpg,happy
3039.jpg,neutral
3040.jpg,happy
3041.jpg,happy
3042.jpg,sad
3043.jpg,happy
3044.jpg,happy
3045.jpg,contempt
3046.jpg,sad
3047.jpg,happy
3048.jpg,happy
3049.jpg,neutral
3050.jpg,neutral
3051.jpg,happy
3052.jpg,contempt
3053.jpg,happy
3054.jpg,neutral
3055.jpg,happy
3056.jpg,anger
3057.jpg,happy
3058.jpg,neutral
3059.jpg,sad
3060.jpg,uncertain
3061.jpg,neutral
3062.jpg,sad
3063.jpg,contempt
3064.jpg,surprise
3065.jpg,surprise
3066.jpg,surprise
3067.jpg,uncertain
3068.jpg,happy
3069.jpg,uncertain
3070.jpg,neutral
3071.jpg,happy
3072.jpg,happy
3073.jpg,happy
3074.jpg,anger
3075.jpg,happy
3076.jpg,anger
3077.jpg,happy
3078.jpg,happy
3079.jpg,anger
3080.jpg,surprise
3081.jpg,fear
3082.jpg,neutral
3083.jpg,sad
3084.jpg,neutral
3085.jpg,uncertain
3086.jpg,sad
3087.jpg,happy
3088.jpg,neutral
3089.jpg,happy
3090.jpg,fear
3091.jpg,happy
3092.jpg,happy
3093.jpg,neutral
3094.jpg,uncertain
3095.jpg,contempt
3096.jpg,happy
3097.jpg,neutral
3098.jpg,happy
3099.jpg,happy
3100.jpg,anger
3101.jpg,happy
3102.jpg,happy
3103.jpg,surprise
3104.jpg,neutral
3105.jpg,happy
3106.jpg,anger
3107.jpg,surprise
3108.jpg,happy
3109.jpg,uncertain
3110.jpg,surprise
3111.jpg,happy
3112.jpg,happy
3113.jpg,happy
3114.jpg,happy
3115.jpg,anger
3116.jpg,anger
3117.jpg,happy
3118.jpg,neutral
3119.jpg,neutral
3120.jpg,happy
3121.jpg,contempt
3122.jpg,neutral
3123.jpg,happy
3124.jpg,uncertain
3125.jpg,sad
3126.jpg,happy
3127.jpg,surprise
3128.jpg,contempt
3129.jpg,happy
3130.jpg,surprise
3131.jpg,uncertain
3132.jpg,happy
3133.jpg,happy
3134.jpg,happy
3135.jpg,neutral
3136.jpg,happy
3137.jpg,anger
3138.jpg,uncertain
3139.jpg,neutral
3140.jpg,neutral
3141.jpg,contempt
3142.jpg,happy
3143.jpg,neutral
3144.jpg,contempt
3145.jpg,surprise
3146.jpg,neutral
3147.jpg,sad
3148.jpg,neutral
3149.jpg,sad
3150.jpg,neutral
3151.jpg,happy
3152.jpg,sad
3153.jpg,neutral
3154.jpg,anger
3155.jpg,neutral
3156.jpg,sad
3157.jpg,neutral
3158.jpg,happy
3159.jpg,neutral
3160.jpg,fear
3161.jpg,happy
3162.jpg,happy
3163.jpg,sad
3164.jpg,neutral
3165.jpg,happy
3166.jpg,uncertain
3167.jpg,contempt
3168.jpg,neutral
3169.jpg,fear
3170.jpg,sad
3171.jpg,uncertain
3172.jpg,neutral
3173.jpg,anger
3174.jpg,disgust
3175.jpg,happy
3176.jpg,happy
3177.jpg,sad
3178.jpg,disgust
3179.jpg,happy
3180.jpg,neutral
3181.jpg,fear
3182.jpg,neutral
3183.jpg,happy
3184.jpg,uncertain
3185.jpg,sad
3186.jpg,neutral
3187.jpg,uncertain
3188.jpg,happy
3189.jpg,anger
3190.jpg,happy
3191.jpg,anger
3192.jpg,happy
3193.jpg,happy
3194.jpg,happy
3195.jpg,contempt
3196.jpg,uncertain
3197.jpg,anger
3198.jpg,uncertain
3199.jpg,uncertain
3200.jpg,uncertain
3201.jpg,happy
3202.jpg,neutral
3203.jpg,neutral
3204.jpg,neutral
3205.jpg,happy
3206.jpg,surprise
3207.jpg,anger
3208.jpg,happy
3209.jpg,sad
3210.jpg,disgust
3211.jpg,happy
3212.jpg,sad
3213.jpg,disgust
3214.jpg,neutral
3215.jpg,happy
3216.jpg,neutral
3217.jpg,contempt
3218.jpg,neutral
3219.jpg,happy
3220.jpg,uncertain
3221.jpg,neutral
3222.jpg,surprise
3223.jpg,surprise
3224.jpg,happy
3225.jpg,neutral
3226.jpg,happy
3227.jpg,uncertain
3228.jpg,anger
3229.jpg,sad
3230.jpg,happy
3231.jpg,neutral
3232.jpg,uncertain
3233.jpg,sad
3234.jpg,happy
3235.jpg,happy
3236.jpg,anger
3237.jpg,anger
3238.jpg,uncertain
3239.jpg,neutral
3240.jpg,anger
3241.jpg,neutral
3242.jpg,happy
3243.jpg,neutral
3244.jpg,neutral
3245.jpg,neutral
3246.jpg,happy
3247.jpg,uncertain
3248.jpg,neutral
3249.jpg,contempt
3250.jpg,happy
3251.jpg,happy
3252.jpg,happy
3253.jpg,sad
3254.jpg,happy
3255.jpg,contempt
3256.jpg,contempt
3257.jpg,neutral
3258.jpg,uncertain
3259.jpg,happy
3260.jpg,neutral
3261.jpg,sad
3262.jpg,neutral
3263.jpg,happy
3264.jpg,happy
3265.jpg,fear
3266.jpg,neutral
3267.jpg,sad
3268.jpg,sad
3269.jpg,uncertain
3270.jpg,neutral
3271.jpg,happy
3272.jpg,anger
3273.jpg,fear
3274.jpg,happy
3275.jpg,surprise
3276.jpg,fear
3277.jpg,neutral
3278.jpg,happy
3279.jpg,happy
3280.jpg,fear
3281.jpg,sad
3282.jpg,happy
3283.jpg,neutral
3284.jpg,uncertain
3285.jpg,uncertain
3286.jpg,surprise
3287.jpg,fear
3288.jpg,anger
3289.jpg,neutral
3290.jpg,surprise
3291.jpg,uncertain
3292.jpg,surprise
3293.jpg,happy
3294.jpg,sad
3295.jpg,anger
3296.jpg,happy
3297.jpg,surprise
3298.jpg,happy
3299.jpg,disgust
3300.jpg,fear
3301.jpg,neutral
3302.jpg,happy
3303.jpg,neutral
3304.jpg,contempt
3305.jpg,happy
3306.jpg,neutral
3307.jpg,sad
3308.jpg,happy
3309.jpg,sad
3310.jpg,surprise
3311.jpg,happy
3312.jpg,happy
3313.jpg,happy
3314.jpg,happy
3315.jpg,neutral
3316.jpg,neutral
3317.jpg,neutral
3318.jpg,surprise
3319.jpg,neutral
3320.jpg,happy
3321.jpg,uncertain
3322.jpg,happy
3323.jpg,happy
3324.jpg,uncertain
3325.jpg,happy
3326.jpg,uncertain
3327.jpg,happy
3328.jpg,neutral
3329.jpg,fear
3330.jpg,surprise
3331.jpg,neutral
3332.jpg,neutral
3333.jpg,neutral
3334.jpg,uncertain
3335.jpg,neutral
3336.jpg,anger
3337.jpg,anger
3338.jpg,happy
3339.jpg,happy
3340.jpg,happy
3341.jpg,surprise
3342.jpg,neutral
3343.jpg,uncertain
3344.jpg,happy
3345.jpg,happy
3346.jpg,happy
3347.jpg,happy
3348.jpg,neutral
3349.jpg,uncertain
3350.jpg,neutral
3351.jpg,neutral
3352.jpg,surprise
3353.jpg,surprise
3354.jpg,neutral
3355.jpg,happy
3356.jpg,neutral
3357.jpg,neutral
3358.jpg,happy
3359.jpg,neutral
3360.jpg,neutral
3361.jpg,neutral
3362.jpg,surprise
3363.jpg,surprise
3364.jpg,neutral
3365.jpg,sad
3366.jpg,happy
3367.jpg,surprise
3368.jpg,uncertain
3369.jpg,happy
3370.jpg,fear
3371.jpg,happy
3372.jpg,neutral
3373.jpg,neutral
3374.jpg,contempt
3375.jpg,happy
3376.jpg,happy
3377.jpg,happy
3378.jpg,sad
3379.jpg,uncertain
3380.jpg,uncertain
3381.jpg,happy
3382.jpg,happy
3383.jpg,neutral
3384.jpg,uncertain
3385.jpg,happy
3386.jpg,happy
3387.jpg,neutral
3388.jpg,uncertain
3389.jpg,neutral
3390.jpg,anger
3391.jpg,happy
3392.jpg,sad
3393.jpg,contempt
3394.jpg,contempt
3395.jpg,neutral
3396.jpg,contempt
3397.jpg,neutral
3398.jpg,anger
3399.jpg,neutral
3400.jpg,happy
3401.jpg,sad
3402.jpg,contempt
3403.jpg,happy
3404.jpg,happy
3405.jpg,happy
3406.jpg,neutral
3407.jpg,uncertain
3408.jpg,neutral
3409.jpg,neutral
3410.jpg,anger
3411.jpg,neutral
3412.jpg,happy
3413.jpg,happy
3414.jpg,neutral
3415.jpg,neutral
3416.jpg,surprise
3417.jpg,neutral
3418.jpg,neutral
3419.jpg,disgust
3420.jpg,uncertain
3421.jpg,neutral
3422.jpg,sad
3423.jpg,anger
3424.jpg,neutral
3425.jpg,happy
3426.jpg,happy
3427.jpg,happy
3428.jpg,neutral
3429.jpg,anger
3430.jpg,neutral
3431.jpg,happy
3432.jpg,neutral
3433.jpg,disgust
3434.jpg,disgust
3435.jpg,happy
3436.jpg,fear
3437.jpg,neutral
3438.jpg,neutral
3439.jpg,happy
3440.jpg,happy
3441.jpg,contempt
3442.jpg,surprise
3443.jpg,happy
3444.jpg,happy
3445.jpg,fear
3446.jpg,happy
3447.jpg,neutral
3448.jpg,surprise
3449.jpg,neutral
3450.jpg,neutral
3451.jpg,uncertain
3452.jpg,uncertain
3453.jpg,happy
3454.jpg,sad
3455.jpg,happy
3456.jpg,happy
3457.jpg,neutral
3458.jpg,happy
3459.jpg,disgust
3460.jpg,happy
3461.jpg,neutral
3462.jpg,anger
3463.jpg,contempt
3464.jpg,neutral
3465.jpg,happy
3466.jpg,anger
3467.jpg,neutral
3468.jpg,neutral
3469.jpg,happy
3470.jpg,uncertain
3471.jpg,neutral
3472.jpg,neutral
3473.jpg,happy
3474.jpg,neutral
3475.jpg,surprise
3476.jpg,anger
3477.jpg,surprise
3478.jpg,contempt
3479.jpg,neutral
3480.jpg,neutral
3481.jpg,neutral
3482.jpg,fear
3483.jpg,contempt
3484.jpg,neutral
3485.jpg,happy
3486.jpg,happy
3487.jpg,neutral
3488.jpg,happy
3489.jpg,happy
3490.jpg,surprise
3491.jpg,disgust
3492.jpg,fear
3493.jpg,neutral
3494.jpg,uncertain
3495.jpg,happy
3496.jpg,happy
3497.jpg,neutral
3498.jpg,neutral
3499.jpg,uncertain
3500.jpg,neutral
3501.jpg,happy
3502.jpg,happy
3503.jpg,happy
3504.jpg,happy
3505.jpg,sad
3506.jpg,happy
3507.jpg,uncertain
3508.jpg,neutral
3509.jpg,contempt
3510.jpg,contempt
3511.jpg,neutral
3512.jpg,disgust
3513.jpg,contempt
3514.jpg,neutral
3515.jpg,sad
3516.jpg,neutral
3517.jpg,uncertain
3518.jpg,disgust
3519.jpg,sad
3520.jpg,happy
3521.jpg,uncertain
3522.jpg,contempt
3523.jpg,sad
3524.jpg,happy
3525.jpg,happy
3526.jpg,happy
3527.jpg,fear
3528.jpg,contempt
3529.jpg,neutral
3530.jpg,anger
3531.jpg,happy
3532.jpg,neutral
3533.jpg,anger
3534.jpg,disgust
3535.jpg,neutral
3536.jpg,neutral
3537.jpg,happy
3538.jpg,neutral
3539.jpg,uncertain
3540.jpg,uncertain
3541.jpg,surprise
3542.jpg,uncertain
3543.jpg,happy
3544.jpg,uncertain
3545.jpg,happy
3546.jpg,anger
3547.jpg,surprise
3548.jpg,happy
3549.jpg,happy
3550.jpg,neutral
3551.jpg,happy
3552.jpg,happy
3553.jpg,anger
3554.jpg,neutral
3555.jpg,happy
3556.jpg,uncertain
3557.jpg,contempt
3558.jpg,anger
3559.jpg,neutral
3560.jpg,neutral
3561.jpg,sad
3562.jpg,fear
3563.jpg,fear
3564.jpg,happy
3565.jpg,disgust
3566.jpg,surprise
3567.jpg,uncertain
3568.jpg,sad
3569.jpg,happy
3570.jpg,uncertain
3571.jpg,neutral
3572.jpg,fear
3573.jpg,happy
3574.jpg,happy
3575.jpg,contempt
3576.jpg,neutral
3577.jpg,neutral
3578.jpg,neutral
3579.jpg,happy
3580.jpg,happy
3581.jpg,happy
3582.jpg,neutral
3583.jpg,sad
3584.jpg,anger
3585.jpg,happy
3586.jpg,happy
3587.jpg,surprise
3588.jpg,happy
3589.jpg,neutral
3590.jpg,happy
3591.jpg,uncertain
3592.jpg,surprise
3593.jpg,uncertain
3594.jpg,happy
3595.jpg,happy
3596.jpg,anger
3597.jpg,sad
3598.jpg,happy
3599.jpg,neutral
3600.jpg,neutral
3601.jpg,contempt
3602.jpg,sad
3603.jpg,surprise
3604.jpg,sad
3605.jpg,happy
3606.jpg,surprise
3607.jpg,neutral
3608.jpg,happy
3609.jpg,neutral
3610.jpg,happy
3611.jpg,sad
3612.jpg,neutral
3613.jpg,neutral
3614.jpg,neutral
3615.jpg,happy
3616.jpg,uncertain
3617.jpg,neutral
3618.jpg,surprise
3619.jpg,neutral
3620.jpg,happy
3621.jpg,anger
3622.jpg,contempt
3623.jpg,happy
3624.jpg,neutral
3625.jpg,anger
3626.jpg,sad
3627.jpg,happy
3628.jpg,uncertain
3629.jpg,neutral
3630.jpg,anger
3631.jpg,neutral
3632.jpg,sad
3633.jpg,neutral
3634.jpg,sad
3635.jpg,neutral
3636.jpg,happy
3637.jpg,fear
3638.jpg,neutral
3639.jpg,uncertain
3640.jpg,neutral
3641.jpg,happy
3642.jpg,happy
3643.jpg,uncertain
3644.jpg,anger
3645.jpg,happy
3646.jpg,happy
3647.jpg,surprise
3648.jpg,happy
3649.jpg,happy
3650.jpg,happy
3651.jpg,happy
3652.jpg,contempt
3653.jpg,anger
3654.jpg,happy
3655.jpg,surprise
3656.jpg,neutral
3657.jpg,neutral
3658.jpg,uncertain
3659.jpg,happy
3660.jpg,neutral
3661.jpg,happy
3662.jpg,happy
3663.jpg,fear
3664.jpg,neutral
3665.jpg,disgust
3666.jpg,happy
3667.jpg,sad
3668.jpg,anger
3669.jpg,neutral
3670.jpg,uncertain
3671.jpg,happy
3672.jpg,neutral
3673.jpg,neutral
3674.jpg,fear
3675.jpg,neutral
3676.jpg,neutral
3677.jpg,sad
3678.jpg,happy
3679.jpg,anger
3680.jpg,happy
3681.jpg,happy
3682.jpg,sad
3683.jpg,neutral
3684.jpg,anger
3685.jpg,neutral
3686.jpg,anger
3687.jpg,anger
3688.jpg,happy
3689.jpg,surprise
3690.jpg,happy
3691.jpg,uncertain
3692.jpg,sad
3693.jpg,happy
3694.jpg,sad
3695.jpg,uncertain
3696.jpg,neutral
3697.jpg,surprise
3698.jpg,neutral
3699.jpg,neutral
3700.jpg,neutral
3701.jpg,happy
3702.jpg,happy
3703.jpg,contempt
3704.jpg,neutral
3705.jpg,anger
3706.jpg,contempt
3707.jpg,happy
3708.jpg,neutral
3709.jpg,sad
3710.jpg,surprise
3711.jpg,anger
3712.jpg,neutral
3713.jpg,anger
3714.jpg,disgust
3715.jpg,sad
3716.jpg,surprise
3717.jpg,neutral
3718.jpg,surprise
3719.jpg,fear
3720.jpg,sad
3721.jpg,anger
3722.jpg,disgust
3723.jpg,surprise
3724.jpg,neutral
3725.jpg,anger
3726.jpg,neutral
3727.jpg,surprise
3728.jpg,anger
3729.jpg,neutral
3730.jpg,happy
3731.jpg,happy
3732.jpg,neutral
3733.jpg,contempt
3734.jpg,anger
3735.jpg,neutral
3736.jpg,surprise
3737.jpg,happy
3738.jpg,sad
3739.jpg,uncertain
3740.jpg,surprise
3741.jpg,happy
3742.jpg,sad
3743.jpg,disgust
3744.jpg,neutral
3745.jpg,neutral
3746.jpg,anger
3747.jpg,anger
3748.jpg,uncertain
3749.jpg,sad
3750.jpg,surprise
3751.jpg,uncertain
3752.jpg,neutral
3753.jpg,neutral
3754.jpg,neutral
3755.jpg,surprise
3756.jpg,happy
3757.jpg,neutral
3758.jpg,neutral
3759.jpg,neutral
3760.jpg,sad
3761.jpg,anger
3762.jpg,neutral
3763.jpg,sad
3764.jpg,neutral
3765.jpg,sad
3766.jpg,happy
3767.jpg,uncertain
3768.jpg,surprise
3769.jpg,fear
3770.jpg,happy
3771.jpg,anger
3772.jpg,uncertain
3773.jpg,uncertain
3774.jpg,neutral
3775.jpg,disgust
3776.jpg,happy
3777.jpg,neutral
3778.jpg,happy
3779.jpg,happy
3780.jpg,contempt
3781.jpg,uncertain
3782.jpg,happy
3783.jpg,uncertain
3784.jpg,uncertain
3785.jpg,fear
3786.jpg,anger
3787.jpg,happy
3788.jpg,anger
3789.jpg,sad
3790.jpg,neutral
3791.jpg,anger
3792.jpg,uncertain
3793.jpg,happy
3794.jpg,uncertain
3795.jpg,sad
3796.jpg,anger
3797.jpg,anger
3798.jpg,surprise
3799.jpg,disgust
3800.jpg,contempt
3801.jpg,neutral
3802.jpg,neutral
3803.jpg,surprise
3804.jpg,neutral
3805.jpg,disgust
3806.jpg,neutral
3807.jpg,neutral
3808.jpg,happy
3809.jpg,happy
3810.jpg,neutral
3811.jpg,neutral
3812.jpg,happy
3813.jpg,happy
3814.jpg,contempt
3815.jpg,neutral
3816.jpg,happy
3817.jpg,surprise
3818.jpg,surprise
3819.jpg,sad
3820.jpg,contempt
3821.jpg,happy
3822.jpg,happy
3823.jpg,sad
3824.jpg,happy
3825.jpg,happy
3826.jpg,anger
3827.jpg,happy
3828.jpg,contempt
3829.jpg,surprise
3830.jpg,uncertain
3831.jpg,uncertain
3832.jpg,neutral
3833.jpg,uncertain
3834.jpg,surprise
3835.jpg,surprise
3836.jpg,neutral
3837.jpg,anger
3838.jpg,uncertain
3839.jpg,happy
3840.jpg,fear
3841.jpg,neutral
3842.jpg,neutral
3843.jpg,anger
3844.jpg,neutral
3845.jpg,sad
3846.jpg,happy
3847.jpg,happy
3848.jpg,neutral
3849.jpg,anger
3850.jpg,fear
3851.jpg,anger
3852.jpg,fear
3853.jpg,neutral
3854.jpg,happy
3855.jpg,uncertain
3856.jpg,neutral
3857.jpg,surprise
3858.jpg,neutral
3859.jpg,happy
3860.jpg,sad
3861.jpg,happy
3862.jpg,happy
3863.jpg,sad
3864.jpg,neutral
3865.jpg,sad
3866.jpg,fear
3867.jpg,happy
3868.jpg,happy
3869.jpg,sad
3870.jpg,happy
3871.jpg,neutral
3872.jpg,happy
3873.jpg,happy
3874.jpg,happy
3875.jpg,contempt
3876.jpg,happy
3877.jpg,uncertain
3878.jpg,surprise
3879.jpg,contempt
3880.jpg,happy
3881.jpg,neutral
3882.jpg,anger
3883.jpg,anger
3884.jpg,neutral
3885.jpg,disgust
3886.jpg,happy
3887.jpg,neutral
3888.jpg,happy
3889.jpg,neutral
3890.jpg,happy
3891.jpg,happy
3892.jpg,happy
3893.jpg,neutral
3894.jpg,surprise
3895.jpg,neutral
3896.jpg,sad
3897.jpg,neutral
3898.jpg,sad
3899.jpg,happy
3900.jpg,neutral
3901.jpg,happy
3902.jpg,fear
3903.jpg,happy
3904.jpg,contempt
3905.jpg,neutral
3906.jpg,happy
3907.jpg,anger
3908.jpg,contempt
3909.jpg,happy
3910.jpg,happy
3911.jpg,neutral
3912.jpg,happy
3913.jpg,happy
3914.jpg,neutral
3915.jpg,anger
3916.jpg,happy
3917.jpg,neutral
3918.jpg,neutral
3919.jpg,neutral
3920.jpg,happy
3921.jpg,surprise
3922.jpg,neutral
3923.jpg,happy
3924.jpg,neutral
3925.jpg,sad
3926.jpg,happy
3927.jpg,anger
3928.jpg,neutral
3929.jpg,sad
3930.jpg,neutral
3931.jpg,happy
3932.jpg,neutral
3933.jpg,sad
3934.jpg,happy
3935.jpg,uncertain
3936.jpg,contempt
3937.jpg,disgust
3938.jpg,happy
3939.jpg,happy
3940.jpg,happy
3941.jpg,neutral
3942.jpg,happy
3943.jpg,happy
3944.jpg,neutral
3945.jpg,neutral
3946.jpg,anger
3947.jpg,fear
3948.jpg,sad
3949.jpg,neutral
3950.jpg,fear
3951.jpg,uncertain
3952.jpg,happy
3953.jpg,surprise
3954.jpg,disgust
3955.jpg,neutral
3956.jpg,surprise
3957.jpg,neutral
3958.jpg,fear
3959.jpg,surprise
3960.jpg,contempt
3961.jpg,uncertain
3962.jpg,happy
3963.jpg,neutral
3964.jpg,happy
3965.jpg,uncertain
3966.jpg,neutral
3967.jpg,sad
3968.jpg,neutral
3969.jpg,anger
3970.jpg,happy
3971.jpg,happy
3972.jpg,happy
3973.jpg,happy
3974.jpg,anger
3975.jpg,happy
3976.jpg,happy
3977.jpg,happy
3978.jpg,sad
3979.jpg,sad
3980.jpg,anger
3981.jpg,uncertain
3982.jpg,neutral
3983.jpg,surprise
3984.jpg,sad
3985.jpg,sad
3986.jpg,uncertain
3987.jpg,happy
3988.jpg,anger
3989.jpg,contempt
3990.jpg,contempt
3991.jpg,contempt
3992.jpg,surprise
3993.jpg,contempt
3994.jpg,neutral
3995.jpg,disgust
3996.jpg,happy
3997.jpg,neutral
3998.jpg,happy
3999.jpg,neutral
4000.jpg,surprise
4001.jpg,happy
4002.jpg,contempt
4003.jpg,neutral
4004.jpg,neutral
4005.jpg,sad
4006.jpg,contempt
4007.jpg,neutral
4008.jpg,sad
4009.jpg,neutral
4010.jpg,neutral
4011.jpg,happy
4012.jpg,happy
4013.jpg,neutral
4014.jpg,disgust
4015.jpg,happy
4016.jpg,sad
4017.jpg,happy
4018.jpg,disgust
4019.jpg,neutral
4020.jpg,happy
4021.jpg,fear
4022.jpg,happy
4023.jpg,sad
4024.jpg,happy
4025.jpg,happy
4026.jpg,uncertain
4027.jpg,surprise
4028.jpg,happy
4029.jpg,happy
4030.jpg,neutral
4031.jpg,fear
4032.jpg,neutral
4033.jpg,fear
4034.jpg,uncertain
4035.jpg,sad
4036.jpg,happy
4037.jpg,neutral
4038.jpg,neutral
4039.jpg,anger
4040.jpg,happy
4041.jpg,neutral
4042.jpg,disgust
4043.jpg,uncertain
4044.jpg,neutral
4045.jpg,sad
4046.jpg,happy
4047.jpg,uncertain
4048.jpg,happy
4049.jpg,happy
4050.jpg,happy
4051.jpg,neutral
4052.jpg,happy
4053.jpg,neutral
4054.jpg,neutral
4055.jpg,neutral
4056.jpg,happy
4057.jpg,neutral
4058.jpg,happy
4059.jpg,contempt
4060.jpg,neutral
4061.jpg,uncertain
4062.jpg,neutral
4063.jpg,anger
4064.jpg,sad
4065.jpg,surprise
4066.jpg,neutral
4067.jpg,happy
4068.jpg,happy
4069.jpg,surprise
4070.jpg,happy
4071.jpg,contempt
4072.jpg,sad
4073.jpg,happy
4074.jpg,happy
4075.jpg,neutral
4076.jpg,neutral
4077.jpg,neutral
4078.jpg,uncertain
4079.jpg,surprise
4080.jpg,uncertain
4081.jpg,neutral
4082.jpg,anger
4083.jpg,happy
4084.jpg,happy
4085.jpg,neutral
4086.jpg,neutral
4087.jpg,neutral
4088.jpg,happy
4089.jpg,happy
4090.jpg,neutral
4091.jpg,uncertain
4092.jpg,sad
4093.jpg,uncertain
4094.jpg,happy
4095.jpg,neutral
4096.jpg,happy
4097.jpg,happy
4098.jpg,happy
4099.jpg,neutral
4100.jpg,uncertain
4101.jpg,happy
4102.jpg,anger
4103.jpg,surprise
4104.jpg,sad
4105.jpg,disgust
4106.jpg,contempt
4107.jpg,happy
4108.jpg,uncertain
4109.jpg,uncertain
4110.jpg,neutral
4111.jpg,neutral
4112.jpg,neutral
4113.jpg,happy
4114.jpg,anger
4115.jpg,neutral
4116.jpg,neutral
4117.jpg,surprise
4118.jpg,neutral
4119.jpg,neutral
4120.jpg,happy
4121.jpg,happy
4122.jpg,happy
4123.jpg,happy
4124.jpg,sad
4125.jpg,happy
4126.jpg,surprise
4127.jpg,uncertain
4128.jpg,neutral
4129.jpg,happy
4130.jpg,happy
4131.jpg,anger
4132.jpg,happy
4133.jpg,disgust
4134.jpg,uncertain
4135.jpg,happy
4136.jpg,neutral
4137.jpg,fear
4138.jpg,happy
4139.jpg,neutral
4140.jpg,happy
4141.jpg,disgust
4142.jpg,happy
4143.jpg,sad
4144.jpg,neutral
4145.jpg,neutral
4146.jpg,contempt
4147.jpg,uncertain
4148.jpg,neutral
4149.jpg,uncertain
4150.jpg,happy
4151.jpg,neutral
4152.jpg,happy
4153.jpg,fear
4154.jpg,neutral
4155.jpg,happy
4156.jpg,happy
4157.jpg,anger
4158.jpg,happy
4159.jpg,disgust
4160.jpg,neutral
4161.jpg,happy
4162.jpg,sad
4163.jpg,happy
4164.jpg,uncertain
4165.jpg,neutral
4166.jpg,surprise
4167.jpg,happy
4168.jpg,neutral
4169.jpg,contempt
4170.jpg,happy
4171.jpg,happy
4172.jpg,happy
4173.jpg,neutral
4174.jpg,happy
4175.jpg,happy
4176.jpg,surprise
4177.jpg,neutral
4178.jpg,uncertain
4179.jpg,happy
4180.jpg,neutral
4181.jpg,neutral
4182.jpg,happy
4183.jpg,sad
4184.jpg,sad
4185.jpg,anger
4186.jpg,happy
4187.jpg,contempt
4188.jpg,neutral
4189.jpg,happy
4190.jpg,neutral
4191.jpg,happy
4192.jpg,happy
4193.jpg,anger
4194.jpg,neutral
4195.jpg,happy
4196.jpg,sad
4197.jpg,happy
4198.jpg,neutral
4199.jpg,surprise
4200.jpg,sad
4201.jpg,neutral
4202.jpg,neutral
4203.jpg,neutral
4204.jpg,neutral
4205.jpg,sad
4206.jpg,uncertain
4207.jpg,happy
4208.jpg,neutral
4209.jpg,happy
4210.jpg,neutral
4211.jpg,happy
4212.jpg,happy
4213.jpg,uncertain
4214.jpg,sad
4215.jpg,happy
4216.jpg,happy
4217.jpg,happy
4218.jpg,uncertain
4219.jpg,surprise
4220.jpg,happy
4221.jpg,fear
4222.jpg,neutral
4223.jpg,fear
4224.jpg,neutral
4225.jpg,happy
4226.jpg,happy
4227.jpg,neutral
4228.jpg,sad
4229.jpg,neutral
4230.jpg,happy
4231.jpg,happy
4232.jpg,neutral
4233.jpg,happy
4234.jpg,happy
4235.jpg,happy
4236.jpg,neutral
4237.jpg,uncertain
4238.jpg,neutral
4239.jpg,happy
4240.jpg,contempt
4241.jpg,anger
4242.jpg,disgust
4243.jpg,happy
4244.jpg,uncertain
4245.jpg,neutral
4246.jpg,uncertain
4247.jpg,anger
4248.jpg,anger
4249.jpg,happy
4250.jpg,happy
4251.jpg,uncertain
4252.jpg,fear
4253.jpg,happy
4254.jpg,neutral
4255.jpg,anger
4256.jpg,neutral
4257.jpg,contempt
4258.jpg,uncertain
4259.jpg,contempt
4260.jpg,uncertain
4261.jpg,happy
4262.jpg,anger
4263.jpg,happy
4264.jpg,anger
4265.jpg,neutral
4266.jpg,happy
4267.jpg,happy
4268.jpg,contempt
4269.jpg,happy
4270.jpg,uncertain
4271.jpg,happy
4272.jpg,sad
4273.jpg,happy
4274.jpg,uncertain
4275.jpg,sad
4276.jpg,neutral
4277.jpg,happy
4278.jpg,neutral
4279.jpg,happy
4280.jpg,neutral
4281.jpg,happy
4282.jpg,sad
4283.jpg,anger
4284.jpg,happy
4285.jpg,disgust
4286.jpg,disgust
4287.jpg,neutral
4288.jpg,anger
4289.jpg,neutral
4290.jpg,contempt
4291.jpg,happy
4292.jpg,neutral
4293.jpg,sad
4294.jpg,happy
4295.jpg,sad
4296.jpg,disgust
4297.jpg,happy
4298.jpg,neutral
4299.jpg,neutral
4300.jpg,neutral
4301.jpg,neutral
4302.jpg,surprise
4303.jpg,contempt
4304.jpg,fear
4305.jpg,anger
4306.jpg,happy
4307.jpg,happy
4308.jpg,sad
4309.jpg,neutral
4310.jpg,anger
4311.jpg,anger
4312.jpg,disgust
4313.jpg,neutral
4314.jpg,sad
4315.jpg,happy
4316.jpg,happy
4317.jpg,happy
4318.jpg,neutral
4319.jpg,surprise
4320.jpg,neutral
4321.jpg,happy
4322.jpg,happy
4323.jpg,neutral
4324.jpg,happy
4325.jpg,neutral
4326.jpg,uncertain
4327.jpg,happy
4328.jpg,anger
4329.jpg,neutral
4330.jpg,neutral
4331.jpg,happy
4332.jpg,happy
4333.jpg,fear
4334.jpg,uncertain
4335.jpg,anger
4336.jpg,surprise
4337.jpg,happy
4338.jpg,uncertain
4339.jpg,fear
4340.jpg,surprise
4341.jpg,happy
4342.jpg,happy
4343.jpg,happy
4344.jpg,happy
4345.jpg,happy
4346.jpg,happy
4347.jpg,uncertain
4348.jpg,happy
4349.jpg,uncertain
4350.jpg,uncertain
4351.jpg,neutral
4352.jpg,neutral
4353.jpg,happy
4354.jpg,happy
4355.jpg,neutral
4356.jpg,uncertain
4357.jpg,anger
4358.jpg,happy
4359.jpg,happy
4360.jpg,happy
4361.jpg,happy
4362.jpg,surprise
4363.jpg,neutral
4364.jpg,neutral
4365.jpg,happy
4366.jpg,neutral
4367.jpg,neutral
4368.jpg,happy
4369.jpg,happy
4370.jpg,happy
4371.jpg,uncertain
4372.jpg,contempt
4373.jpg,happy
4374.jpg,happy
4375.jpg,uncertain
4376.jpg,happy
4377.jpg,sad
4378.jpg,anger
4379.jpg,happy
4380.jpg,neutral
4381.jpg,happy
4382.jpg,happy
4383.jpg,surprise
4384.jpg,neutral
4385.jpg,happy
4386.jpg,anger
4387.jpg,contempt
4388.jpg,surprise
4389.jpg,sad
4390.jpg,happy
4391.jpg,uncertain
4392.jpg,anger
4393.jpg,neutral
4394.jpg,uncertain
4395.jpg,happy
4396.jpg,neutral
4397.jpg,neutral
4398.jpg,sad
4399.jpg,neutral
4400.jpg,neutral
4401.jpg,happy
4402.jpg,happy
4403.jpg,fear
4404.jpg,sad
4405.jpg,happy
4406.jpg,fear
4407.jpg,happy
4408.jpg,happy
4409.jpg,happy
4410.jpg,neutral
4411.jpg,happy
4412.jpg,neutral
4413.jpg,uncertain
4414.jpg,neutral
4415.jpg,happy
4416.jpg,sad
4417.jpg,sad
4418.jpg,happy
4419.jpg,happy
4420.jpg,uncertain
4421.jpg,anger
4422.jpg,anger
4423.jpg,neutral
4424.jpg,happy
4425.jpg,neutral
4426.jpg,happy
4427.jpg,sad
4428.jpg,uncertain
4429.jpg,neutral
4430.jpg,anger
4431.jpg,surprise
4432.jpg,sad
4433.jpg,happy
4434.jpg,disgust
4435.jpg,uncertain
4436.jpg,neutral
4437.jpg,contempt
4438.jpg,neutral
4439.jpg,happy
4440.jpg,fear
4441.jpg,neutral
4442.jpg,contempt
4443.jpg,sad
4444.jpg,neutral
4445.jpg,neutral
4446.jpg,neutral
4447.jpg,neutral
4448.jpg,uncertain
4449.jpg,sad
4450.jpg,happy
4451.jpg,anger
4452.jpg,anger
4453.jpg,happy
4454.jpg,happy
4455.jpg,happy
4456.jpg,surprise
4457.jpg,happy
4458.jpg,happy
4459.jpg,happy
4460.jpg,anger
4461.jpg,neutral
4462.jpg,happy
4463.jpg,neutral
4464.jpg,surprise
4465.jpg,uncertain
4466.jpg,happy
4467.jpg,surprise
4468.jpg,happy
4469.jpg,neutral
4470.jpg,happy
4471.jpg,neutral
4472.jpg,happy
4473.jpg,happy
4474.jpg,neutral
4475.jpg,neutral
4476.jpg,happy
4477.jpg,neutral
4478.jpg,uncertain
4479.jpg,surprise
4480.jpg,sad
4481.jpg,uncertain
4482.jpg,neutral
4483.jpg,happy
4484.jpg,neutral
4485.jpg,fear
4486.jpg,anger
4487.jpg,uncertain
4488.jpg,happy
4489.jpg,surprise
4490.jpg,neutral
4491.jpg,uncertain
4492.jpg,fear
4493.jpg,fear
4494.jpg,neutral
4495.jpg,neutral
4496.jpg,happy
4497.jpg,anger
4498.jpg,happy
4499.jpg,happy
4500.jpg,happy
4501.jpg,uncertain
4502.jpg,sad
4503.jpg,neutral
4504.jpg,neutral
4505.jpg,happy
4506.jpg,sad
4507.jpg,sad
4508.jpg,anger
4509.jpg,sad
4510.jpg,neutral
4511.jpg,uncertain
4512.jpg,neutral
4513.jpg,happy
4514.jpg,neutral
4515.jpg,happy
4516.jpg,happy
4517.jpg,neutral
4518.jpg,neutral
4519.jpg,happy
4520.jpg,anger
4521.jpg,neutral
4522.jpg,neutral
4523.jpg,happy
4524.jpg,neutral
4525.jpg,happy
4526.jpg,anger
4527.jpg,neutral
4528.jpg,happy
4529.jpg,anger
4530.jpg,neutral
4531.jpg,uncertain
4532.jpg,neutral
4533.jpg,neutral
4534.jpg,happy
4535.jpg,happy
4536.jpg,uncertain
4537.jpg,anger
4538.jpg,neutral
4539.jpg,anger
4540.jpg,neutral
4541.jpg,happy
4542.jpg,neutral
4543.jpg,sad
4544.jpg,happy
4545.jpg,neutral
4546.jpg,sad
4547.jpg,happy
4548.jpg,fear
4549.jpg,surprise
4550.jpg,fear
4551.jpg,neutral
4552.jpg,neutral
4553.jpg,neutral
4554.jpg,disgust
4555.jpg,neutral
4556.jpg,neutral
4557.jpg,disgust
4558.jpg,contempt
4559.jpg,anger
4560.jpg,anger
4561.jpg,fear
4562.jpg,contempt
4563.jpg,neutral
4564.jpg,happy
4565.jpg,disgust
4566.jpg,anger
4567.jpg,neutral
4568.jpg,neutral
4569.jpg,uncertain
4570.jpg,uncertain
4571.jpg,uncertain
4572.jpg,contempt
4573.jpg,sad
4574.jpg,happy
4575.jpg,contempt
4576.jpg,neutral
4577.jpg,uncertain
4578.jpg,happy
4579.jpg,uncertain
4580.jpg,neutral
4581.jpg,uncertain
4582.jpg,uncertain
4583.jpg,uncertain
4584.jpg,neutral
4585.jpg,neutral
4586.jpg,happy
4587.jpg,anger
4588.jpg,neutral
4589.jpg,happy
4590.jpg,sad
4591.jpg,sad
4592.jpg,neutral
4593.jpg,fear
4594.jpg,happy
4595.jpg,uncertain
4596.jpg,sad
4597.jpg,neutral
4598.jpg,happy
4599.jpg,fear
4600.jpg,neutral
4601.jpg,anger
4602.jpg,neutral
4603.jpg,neutral
4604.jpg,sad
4605.jpg,happy
4606.jpg,uncertain
4607.jpg,happy
4608.jpg,anger
4609.jpg,happy
4610.jpg,uncertain
4611.jpg,uncertain
4612.jpg,happy
4613.jpg,neutral
4614.jpg,uncertain
4615.jpg,neutral
4616.jpg,happy
4617.jpg,happy
4618.jpg,neutral
4619.jpg,happy
4620.jpg,anger
4621.jpg,contempt
4622.jpg,disgust
4623.jpg,fear
4624.jpg,surprise
4625.jpg,neutral
4626.jpg,happy
4627.jpg,neutral
4628.jpg,surprise
4629.jpg,neutral
4630.jpg,sad
4631.jpg,happy
4632.jpg,happy
4633.jpg,happy
4634.jpg,happy
4635.jpg,happy
4636.jpg,anger
4637.jpg,surprise
4638.jpg,neutral
4639.jpg,happy
4640.jpg,uncertain
4641.jpg,neutral
4642.jpg,sad
4643.jpg,neutral
4644.jpg,happy
4645.jpg,disgust
4646.jpg,happy
4647.jpg,contempt
4648.jpg,happy
4649.jpg,neutral
4650.jpg,uncertain
4651.jpg,anger
4652.jpg,surprise
4653.jpg,surprise
4654.jpg,happy
4655.jpg,neutral
4656.jpg,anger
4657.jpg,sad
4658.jpg,neutral
4659.jpg,neutral
4660.jpg,neutral
4661.jpg,fear
4662.jpg,uncertain
4663.jpg,happy
4664.jpg,fear
4665.jpg,neutral
4666.jpg,neutral
4667.jpg,neutral
4668.jpg,uncertain
4669.jpg,happy
4670.jpg,happy
4671.jpg,contempt
4672.jpg,happy
4673.jpg,happy
4674.jpg,neutral
4675.jpg,happy
4676.jpg,fear
4677.jpg,happy
4678.jpg,surprise
4679.jpg,neutral
4680.jpg,neutral
4681.jpg,happy
4682.jpg,uncertain
4683.jpg,happy
4684.jpg,happy
4685.jpg,neutral
4686.jpg,uncertain
4687.jpg,uncertain
4688.jpg,neutral
4689.jpg,surprise
4690.jpg,uncertain
4691.jpg,sad
4692.jpg,neutral
4693.jpg,happy
4694.jpg,sad
4695.jpg,contempt
4696.jpg,happy
4697.jpg,surprise
4698.jpg,neutral
4699.jpg,happy
4700.jpg,uncertain
4701.jpg,neutral
4702.jpg,happy
4703.jpg,disgust
4704.jpg,neutral
4705.jpg,sad
4706.jpg,fear
4707.jpg,happy
4708.jpg,neutral
4709.jpg,happy
4710.jpg,neutral
4711.jpg,neutral
4712.jpg,neutral
4713.jpg,happy
4714.jpg,neutral
4715.jpg,happy
4716.jpg,anger
4717.jpg,disgust
4718.jpg,neutral
4719.jpg,neutral
4720.jpg,neutral
4721.jpg,happy
4722.jpg,neutral
4723.jpg,neutral
4724.jpg,happy
4725.jpg,neutral
4726.jpg,neutral
4727.jpg,contempt
4728.jpg,anger
4729.jpg,happy
4730.jpg,neutral
4731.jpg,contempt
4732.jpg,contempt
4733.jpg,happy
4734.jpg,anger
4735.jpg,happy
4736.jpg,anger
4737.jpg,contempt
4738.jpg,happy
4739.jpg,neutral
4740.jpg,neutral
4741.jpg,happy
4742.jpg,happy
4743.jpg,disgust
4744.jpg,neutral
4745.jpg,happy
4746.jpg,anger
4747.jpg,neutral
4748.jpg,happy
4749.jpg,disgust
4750.jpg,neutral
4751.jpg,happy
4752.jpg,sad
4753.jpg,neutral
4754.jpg,uncertain
4755.jpg,happy
4756.jpg,anger
4757.jpg,neutral
4758.jpg,happy
4759.jpg,neutral
4760.jpg,happy
4761.jpg,neutral
4762.jpg,happy
4763.jpg,neutral
4764.jpg,sad
4765.jpg,sad
4766.jpg,neutral
4767.jpg,happy
4768.jpg,fear
4769.jpg,fear
4770.jpg,sad
4771.jpg,neutral
4772.jpg,neutral
4773.jpg,surprise
4774.jpg,sad
4775.jpg,happy
4776.jpg,happy
4777.jpg,neutral
4778.jpg,happy
4779.jpg,neutral
4780.jpg,neutral
4781.jpg,happy
4782.jpg,surprise
4783.jpg,contempt
4784.jpg,neutral
4785.jpg,sad
4786.jpg,happy
4787.jpg,uncertain
4788.jpg,anger
4789.jpg,neutral
4790.jpg,neutral
4791.jpg,happy
4792.jpg,surprise
4793.jpg,surprise
4794.jpg,surprise
4795.jpg,neutral
4796.jpg,happy
4797.jpg,happy
4798.jpg,uncertain
4799.jpg,neutral
4800.jpg,neutral
4801.jpg,happy
4802.jpg,neutral
4803.jpg,neutral
4804.jpg,neutral
4805.jpg,happy
4806.jpg,fear
4807.jpg,happy
4808.jpg,sad
4809.jpg,neutral
4810.jpg,neutral
4811.jpg,disgust
4812.jpg,surprise
4813.jpg,sad
4814.jpg,fear
4815.jpg,neutral
4816.jpg,happy
4817.jpg,happy
4818.jpg,happy
4819.jpg,happy
4820.jpg,happy
4821.jpg,happy
4822.jpg,happy
4823.jpg,anger
4824.jpg,anger
4825.jpg,neutral
4826.jpg,contempt
4827.jpg,fear
4828.jpg,fear
4829.jpg,uncertain
4830.jpg,neutral
4831.jpg,neutral
4832.jpg,happy
4833.jpg,happy
4834.jpg,surprise
4835.jpg,happy
4836.jpg,anger
4837.jpg,happy
4838.jpg,neutral
4839.jpg,happy
4840.jpg,neutral
4841.jpg,neutral
4842.jpg,uncertain
4843.jpg,neutral
4844.jpg,uncertain
4845.jpg,happy
4846.jpg,anger
4847.jpg,anger
4848.jpg,happy
4849.jpg,anger
4850.jpg,neutral
4851.jpg,happy
4852.jpg,happy
4853.jpg,neutral
4854.jpg,neutral
4855.jpg,uncertain
4856.jpg,anger
4857.jpg,sad
4858.jpg,anger
4859.jpg,neutral
4860.jpg,uncertain
4861.jpg,anger
4862.jpg,happy
4863.jpg,neutral
4864.jpg,happy
4865.jpg,anger
4866.jpg,surprise
4867.jpg,happy
4868.jpg,happy
4869.jpg,sad
4870.jpg,neutral
4871.jpg,neutral
4872.jpg,fear
4873.jpg,anger
4874.jpg,contempt
4875.jpg,neutral
4876.jpg,anger
4877.jpg,neutral
4878.jpg,neutral
4879.jpg,uncertain
4880.jpg,neutral
4881.jpg,anger
4882.jpg,fear
4883.jpg,happy
4884.jpg,neutral
4885.jpg,neutral
4886.jpg,neutral
4887.jpg,sad
4888.jpg,anger
4889.jpg,surprise
4890.jpg,neutral
4891.jpg,neutral
4892.jpg,anger
4893.jpg,happy
4894.jpg,uncertain
4895.jpg,neutral
4896.jpg,uncertain
4897.jpg,happy
4898.jpg,neutral
4899.jpg,contempt
4900.jpg,uncertain
4901.jpg,neutral
4902.jpg,happy
4903.jpg,sad
4904.jpg,happy
4905.jpg,anger
4906.jpg,neutral
4907.jpg,uncertain
4908.jpg,uncertain
4909.jpg,anger
4910.jpg,surprise
4911.jpg,neutral
4912.jpg,surprise
4913.jpg,neutral
4914.jpg,happy
4915.jpg,sad
4916.jpg,neutral
4917.jpg,uncertain
4918.jpg,happy
4919.jpg,disgust
4920.jpg,anger
4921.jpg,sad
4922.jpg,happy
4923.jpg,happy
4924.jpg,happy
4925.jpg,contempt
4926.jpg,anger
4927.jpg,happy
4928.jpg,sad
4929.jpg,surprise
4930.jpg,happy
4931.jpg,neutral
4932.jpg,happy
4933.jpg,neutral
4934.jpg,happy
4935.jpg,uncertain
4936.jpg,happy
4937.jpg,happy
4938.jpg,uncertain
4939.jpg,contempt
4940.jpg,neutral
4941.jpg,neutral
4942.jpg,happy
4943.jpg,neutral
4944.jpg,surprise
4945.jpg,uncertain
4946.jpg,happy
4947.jpg,happy
4948.jpg,neutral
4949.jpg,surprise
4950.jpg,happy
4951.jpg,neutral
4952.jpg,surprise
4953.jpg,happy
4954.jpg,neutral
4955.jpg,happy
4956.jpg,happy
4957.jpg,anger
4958.jpg,happy
4959.jpg,contempt
4960.jpg,disgust
4961.jpg,happy
4962.jpg,surprise
4963.jpg,disgust
4964.jpg,uncertain
4965.jpg,neutral
4966.jpg,neutral
4967.jpg,uncertain
4968.jpg,anger
4969.jpg,happy
4970.jpg,happy
4971.jpg,happy
4972.jpg,neutral
4973.jpg,disgust
4974.jpg,happy
4975.jpg,contempt
4976.jpg,happy
4977.jpg,happy
4978.jpg,neutral
4979.jpg,happy
4980.jpg,neutral
4981.jpg,happy
4982.jpg,happy
4983.jpg,neutral
4984.jpg,neutral
4985.jpg,sad
4986.jpg,happy
4987.jpg,anger
4988.jpg,happy
4989.jpg,neutral
4990.jpg,sad
4991.jpg,sad
4992.jpg,contempt
4993.jpg,uncertain
4994.jpg,neutral
4995.jpg,uncertain
4996.jpg,neutral
4997.jpg,neutral
4998.jpg,neutral
4999.jpg,happy
